0,1,2,3,4,5,6,7,8,9,10,11,12,13,14,15,16,17,18,19,20,21,22,23,24,25,26,27,28,29,30,31,32,33,34,35,36,37,38,39,40,41,gesture
249.0,375.0,231.0,314.0,251.0,237.0,271.0,181.0,283.0,136.0,362.0,243.0,440.0,216.0,496.0,203.0,540.0,192.0,385.0,284.0,374.0,267.0,312.0,285.0,274.0,299.0,390.0,330.0,369.0,321.0,311.0,328.0,277.0,329.0,384.0,376.0,360.0,369.0,314.0,366.0,288.0,361.0,0
288.0,390.0,278.0,330.0,296.0,254.0,309.0,197.0,320.0,152.0,395.0,255.0,465.0,223.0,512.0,204.0,555.0,190.0,430.0,293.0,384.0,294.0,331.0,309.0,308.0,320.0,438.0,340.0,375.0,347.0,331.0,351.0,316.0,351.0,435.0,385.0,382.0,389.0,340.0,385.0,321.0,378.0,0
297.0,391.0,283.0,329.0,299.0,253.0,309.0,196.0,318.0,151.0,383.0,251.0,436.0,211.0,474.0,186.0,511.0,167.0,421.0,284.0,361.0,282.0,317.0,308.0,309.0,329.0,432.0,329.0,359.0,340.0,324.0,353.0,324.0,360.0,431.0,376.0,372.0,382.0,335.0,385.0,327.0,386.0,0
327.0,397.0,313.0,338.0,326.0,263.0,334.0,210.0,342.0,166.0,403.0,269.0,441.0,233.0,470.0,208.0,501.0,189.0,443.0,304.0,369.0,306.0,330.0,327.0,335.0,341.0,452.0,351.0,368.0,364.0,338.0,372.0,346.0,377.0,447.0,398.0,381.0,403.0,349.0,402.0,346.0,401.0,0
343.0,397.0,319.0,337.0,321.0,260.0,320.0,206.0,323.0,160.0,389.0,261.0,404.0,228.0,419.0,201.0,440.0,179.0,430.0,289.0,342.0,301.0,315.0,321.0,328.0,333.0,442.0,335.0,348.0,355.0,330.0,367.0,347.0,372.0,439.0,381.0,365.0,392.0,344.0,396.0,353.0,397.0,0
344.0,410.0,327.0,342.0,330.0,267.0,331.0,213.0,336.0,164.0,400.0,267.0,394.0,232.0,397.0,204.0,407.0,179.0,431.0,296.0,330.0,300.0,315.0,328.0,342.0,338.0,437.0,342.0,336.0,351.0,332.0,370.0,358.0,375.0,432.0,388.0,353.0,393.0,343.0,400.0,358.0,400.0,0
373.0,402.0,358.0,329.0,350.0,257.0,345.0,205.0,356.0,158.0,407.0,253.0,364.0,225.0,354.0,200.0,352.0,175.0,424.0,288.0,309.0,292.0,309.0,309.0,340.0,314.0,422.0,337.0,311.0,340.0,319.0,352.0,348.0,354.0,412.0,385.0,330.0,388.0,331.0,391.0,350.0,390.0,0
407.0,401.0,394.0,326.0,377.0,249.0,373.0,192.0,384.0,143.0,401.0,240.0,338.0,211.0,312.0,183.0,294.0,155.0,408.0,273.0,298.0,279.0,310.0,297.0,340.0,299.0,403.0,318.0,298.0,326.0,318.0,337.0,351.0,339.0,396.0,365.0,314.0,363.0,332.0,369.0,364.0,372.0,0
440.0,411.0,436.0,334.0,405.0,258.0,388.0,201.0,399.0,157.0,390.0,261.0,308.0,231.0,264.0,211.0,228.0,193.0,383.0,299.0,279.0,290.0,295.0,309.0,325.0,318.0,375.0,342.0,279.0,338.0,303.0,353.0,334.0,356.0,367.0,384.0,293.0,383.0,315.0,392.0,343.0,396.0,0
469.0,399.0,456.0,331.0,414.0,260.0,386.0,203.0,394.0,157.0,374.0,265.0,275.0,255.0,217.0,249.0,171.0,246.0,364.0,309.0,273.0,307.0,303.0,318.0,342.0,325.0,362.0,356.0,279.0,353.0,309.0,362.0,345.0,364.0,362.0,399.0,296.0,396.0,321.0,401.0,352.0,401.0,0
454.0,386.0,442.0,314.0,404.0,252.0,383.0,197.0,393.0,155.0,338.0,266.0,248.0,259.0,193.0,256.0,151.0,255.0,323.0,307.0,259.0,302.0,290.0,305.0,325.0,312.0,321.0,353.0,269.0,348.0,297.0,350.0,328.0,355.0,325.0,395.0,278.0,386.0,303.0,387.0,329.0,390.0,0
448.0,387.0,435.0,315.0,398.0,258.0,373.0,204.0,383.0,163.0,332.0,274.0,239.0,271.0,185.0,272.0,143.0,274.0,316.0,315.0,258.0,314.0,287.0,316.0,320.0,319.0,311.0,358.0,271.0,356.0,297.0,359.0,326.0,362.0,311.0,397.0,279.0,387.0,304.0,389.0,329.0,391.0,0
447.0,387.0,429.0,324.0,381.0,259.0,354.0,206.0,360.0,161.0,357.0,266.0,265.0,248.0,211.0,239.0,166.0,233.0,348.0,307.0,251.0,307.0,279.0,315.0,315.0,321.0,343.0,350.0,263.0,360.0,294.0,362.0,327.0,362.0,341.0,393.0,277.0,395.0,303.0,396.0,331.0,395.0,0
450.0,390.0,423.0,328.0,373.0,260.0,349.0,209.0,360.0,164.0,369.0,261.0,295.0,240.0,247.0,230.0,208.0,221.0,365.0,302.0,262.0,305.0,285.0,316.0,321.0,319.0,364.0,347.0,272.0,357.0,300.0,361.0,335.0,360.0,362.0,393.0,288.0,396.0,311.0,396.0,340.0,392.0,0
445.0,407.0,418.0,341.0,370.0,269.0,348.0,214.0,365.0,164.0,391.0,266.0,339.0,244.0,299.0,232.0,267.0,222.0,391.0,306.0,282.0,311.0,297.0,323.0,327.0,328.0,388.0,354.0,285.0,366.0,310.0,370.0,343.0,367.0,384.0,402.0,302.0,410.0,324.0,409.0,355.0,402.0,0
431.0,421.0,396.0,350.0,358.0,273.0,338.0,217.0,348.0,165.0,395.0,271.0,351.0,249.0,338.0,228.0,335.0,205.0,407.0,308.0,289.0,319.0,304.0,337.0,336.0,339.0,411.0,357.0,293.0,373.0,317.0,385.0,353.0,381.0,410.0,405.0,315.0,419.0,335.0,422.0,368.0,414.0,0
405.0,438.0,369.0,360.0,356.0,278.0,360.0,220.0,380.0,172.0,408.0,299.0,396.0,267.0,401.0,238.0,413.0,206.0,432.0,338.0,328.0,329.0,329.0,338.0,351.0,338.0,439.0,385.0,329.0,384.0,339.0,389.0,370.0,383.0,436.0,430.0,353.0,430.0,357.0,428.0,382.0,421.0,0
347.0,423.0,319.0,346.0,320.0,268.0,329.0,212.0,344.0,164.0,401.0,278.0,416.0,237.0,439.0,207.0,463.0,180.0,432.0,313.0,328.0,303.0,310.0,327.0,332.0,333.0,438.0,360.0,333.0,358.0,327.0,369.0,352.0,373.0,429.0,407.0,358.0,411.0,349.0,413.0,366.0,413.0,0
304.0,382.0,287.0,321.0,310.0,249.0,326.0,196.0,342.0,149.0,394.0,262.0,447.0,225.0,488.0,200.0,524.0,180.0,430.0,301.0,355.0,286.0,312.0,307.0,315.0,320.0,434.0,351.0,346.0,344.0,319.0,353.0,332.0,355.0,422.0,399.0,356.0,396.0,332.0,393.0,338.0,389.0,0
280.0,389.0,267.0,334.0,290.0,258.0,312.0,201.0,326.0,156.0,393.0,266.0,466.0,236.0,520.0,219.0,565.0,206.0,425.0,308.0,384.0,296.0,325.0,314.0,311.0,328.0,432.0,357.0,380.0,353.0,333.0,362.0,330.0,363.0,426.0,405.0,382.0,402.0,344.0,402.0,341.0,400.0,0
291.0,401.0,283.0,342.0,309.0,265.0,331.0,209.0,349.0,165.0,404.0,279.0,470.0,246.0,519.0,226.0,563.0,212.0,441.0,324.0,378.0,317.0,326.0,331.0,323.0,340.0,444.0,375.0,371.0,379.0,332.0,382.0,338.0,383.0,432.0,426.0,375.0,429.0,337.0,424.0,335.0,421.0,0
313.0,402.0,301.0,340.0,315.0,256.0,327.0,200.0,343.0,151.0,387.0,270.0,413.0,238.0,439.0,213.0,468.0,194.0,429.0,310.0,335.0,311.0,305.0,324.0,321.0,332.0,433.0,361.0,330.0,368.0,312.0,373.0,332.0,376.0,423.0,409.0,341.0,409.0,325.0,409.0,339.0,410.0,0
334.0,409.0,319.0,348.0,322.0,269.0,328.0,215.0,339.0,165.0,391.0,283.0,392.0,253.0,408.0,224.0,428.0,201.0,425.0,320.0,314.0,326.0,304.0,338.0,332.0,344.0,427.0,371.0,317.0,382.0,321.0,387.0,351.0,389.0,417.0,419.0,331.0,424.0,334.0,426.0,362.0,427.0,0
354.0,421.0,341.0,360.0,334.0,285.0,334.0,233.0,350.0,181.0,393.0,290.0,364.0,255.0,365.0,224.0,370.0,197.0,419.0,323.0,290.0,333.0,287.0,347.0,319.0,349.0,418.0,374.0,293.0,386.0,304.0,392.0,338.0,392.0,411.0,425.0,315.0,431.0,324.0,431.0,355.0,430.0,0
371.0,428.0,352.0,357.0,339.0,276.0,340.0,222.0,355.0,171.0,378.0,274.0,312.0,254.0,290.0,234.0,280.0,212.0,399.0,312.0,272.0,336.0,281.0,349.0,313.0,346.0,404.0,364.0,280.0,385.0,297.0,395.0,330.0,392.0,404.0,418.0,310.0,429.0,320.0,429.0,349.0,425.0,0
433.0,398.0,441.0,318.0,412.0,239.0,389.0,183.0,394.0,142.0,393.0,253.0,288.0,233.0,227.0,216.0,179.0,202.0,386.0,293.0,283.0,292.0,303.0,303.0,332.0,309.0,379.0,335.0,281.0,333.0,315.0,342.0,357.0,345.0,375.0,373.0,299.0,373.0,323.0,381.0,359.0,386.0,0
464.0,403.0,440.0,342.0,398.0,270.0,381.0,212.0,394.0,164.0,401.0,261.0,329.0,236.0,281.0,219.0,239.0,206.0,400.0,301.0,289.0,300.0,310.0,319.0,346.0,323.0,400.0,350.0,297.0,354.0,322.0,368.0,359.0,367.0,398.0,399.0,318.0,404.0,341.0,410.0,375.0,407.0,0
475.0,379.0,464.0,310.0,427.0,245.0,403.0,192.0,410.0,148.0,373.0,253.0,278.0,245.0,220.0,241.0,174.0,240.0,362.0,295.0,281.0,296.0,311.0,304.0,349.0,308.0,361.0,341.0,291.0,341.0,322.0,345.0,357.0,347.0,366.0,384.0,312.0,383.0,340.0,385.0,370.0,385.0,0
488.0,371.0,478.0,299.0,440.0,239.0,413.0,185.0,420.0,142.0,372.0,254.0,281.0,249.0,225.0,246.0,181.0,246.0,356.0,297.0,292.0,295.0,325.0,298.0,360.0,302.0,353.0,342.0,304.0,340.0,334.0,342.0,366.0,344.0,357.0,383.0,321.0,378.0,349.0,378.0,376.0,378.0,0
483.0,375.0,475.0,302.0,436.0,241.0,408.0,187.0,416.0,145.0,363.0,260.0,272.0,255.0,218.0,254.0,176.0,255.0,348.0,301.0,293.0,304.0,326.0,307.0,359.0,309.0,344.0,346.0,300.0,349.0,329.0,350.0,361.0,351.0,348.0,387.0,319.0,385.0,347.0,385.0,373.0,385.0,0
497.0,393.0,479.0,325.0,437.0,262.0,412.0,206.0,415.0,161.0,392.0,276.0,295.0,263.0,238.0,258.0,193.0,256.0,379.0,318.0,297.0,314.0,325.0,322.0,362.0,328.0,376.0,365.0,305.0,366.0,333.0,370.0,368.0,372.0,378.0,410.0,323.0,406.0,348.0,407.0,376.0,409.0,0
481.0,391.0,456.0,327.0,408.0,259.0,386.0,205.0,397.0,160.0,394.0,264.0,309.0,245.0,256.0,236.0,211.0,229.0,390.0,304.0,284.0,304.0,311.0,312.0,350.0,315.0,387.0,349.0,293.0,352.0,321.0,356.0,356.0,355.0,385.0,394.0,312.0,393.0,334.0,392.0,363.0,390.0,0
473.0,391.0,447.0,330.0,398.0,261.0,374.0,208.0,389.0,164.0,396.0,260.0,323.0,239.0,275.0,230.0,236.0,222.0,394.0,299.0,286.0,302.0,308.0,315.0,343.0,319.0,393.0,345.0,295.0,351.0,321.0,359.0,355.0,358.0,390.0,391.0,316.0,395.0,338.0,396.0,367.0,392.0,0
438.0,413.0,410.0,343.0,369.0,270.0,350.0,213.0,360.0,160.0,399.0,266.0,358.0,238.0,327.0,218.0,302.0,199.0,406.0,299.0,297.0,305.0,306.0,318.0,331.0,324.0,406.0,344.0,299.0,362.0,323.0,368.0,356.0,366.0,404.0,389.0,317.0,403.0,336.0,404.0,366.0,396.0,0
460.0,410.0,429.0,346.0,386.0,276.0,366.0,219.0,381.0,172.0,404.0,270.0,347.0,247.0,308.0,231.0,276.0,218.0,408.0,307.0,304.0,307.0,314.0,323.0,339.0,328.0,409.0,352.0,308.0,364.0,330.0,377.0,364.0,374.0,406.0,397.0,323.0,407.0,343.0,412.0,376.0,407.0,0
416.0,429.0,376.0,355.0,350.0,279.0,344.0,222.0,358.0,174.0,409.0,284.0,386.0,260.0,375.0,237.0,371.0,211.0,425.0,320.0,321.0,313.0,317.0,325.0,335.0,328.0,427.0,364.0,316.0,373.0,325.0,381.0,355.0,378.0,419.0,407.0,330.0,415.0,339.0,414.0,368.0,404.0,0
364.0,428.0,328.0,351.0,328.0,272.0,339.0,218.0,357.0,175.0,400.0,277.0,407.0,238.0,420.0,205.0,437.0,176.0,429.0,313.0,336.0,306.0,318.0,317.0,329.0,323.0,436.0,358.0,331.0,365.0,327.0,366.0,350.0,363.0,429.0,403.0,351.0,407.0,346.0,402.0,364.0,394.0,0
316.0,398.0,290.0,340.0,308.0,268.0,326.0,215.0,343.0,169.0,391.0,273.0,442.0,232.0,482.0,204.0,515.0,181.0,433.0,307.0,362.0,305.0,326.0,319.0,324.0,324.0,440.0,357.0,347.0,364.0,327.0,367.0,339.0,364.0,431.0,402.0,360.0,407.0,340.0,404.0,348.0,397.0,0
292.0,392.0,274.0,337.0,292.0,261.0,308.0,205.0,319.0,160.0,389.0,263.0,453.0,228.0,501.0,206.0,543.0,190.0,428.0,302.0,372.0,296.0,317.0,313.0,312.0,325.0,435.0,351.0,367.0,355.0,325.0,359.0,330.0,358.0,428.0,399.0,372.0,401.0,335.0,398.0,334.0,392.0,0
286.0,403.0,270.0,344.0,291.0,266.0,311.0,206.0,324.0,160.0,400.0,271.0,478.0,243.0,534.0,228.0,580.0,217.0,432.0,313.0,400.0,307.0,336.0,324.0,318.0,332.0,441.0,363.0,400.0,366.0,347.0,373.0,339.0,370.0,438.0,411.0,407.0,413.0,362.0,409.0,352.0,401.0,0
275.0,407.0,263.0,347.0,284.0,270.0,300.0,211.0,314.0,165.0,381.0,271.0,443.0,235.0,488.0,214.0,530.0,200.0,419.0,309.0,360.0,309.0,307.0,324.0,301.0,334.0,428.0,358.0,357.0,368.0,314.0,372.0,317.0,371.0,423.0,407.0,366.0,412.0,327.0,410.0,324.0,407.0,0
304.0,410.0,289.0,354.0,302.0,277.0,313.0,221.0,326.0,174.0,387.0,281.0,431.0,248.0,467.0,225.0,502.0,208.0,432.0,319.0,357.0,334.0,314.0,344.0,315.0,346.0,441.0,369.0,353.0,392.0,322.0,391.0,332.0,385.0,434.0,418.0,359.0,431.0,329.0,427.0,333.0,421.0,0
334.0,403.0,314.0,351.0,319.0,273.0,325.0,218.0,338.0,171.0,389.0,280.0,413.0,248.0,436.0,221.0,463.0,200.0,435.0,315.0,345.0,333.0,318.0,336.0,331.0,333.0,443.0,365.0,343.0,389.0,328.0,385.0,348.0,379.0,437.0,413.0,357.0,425.0,340.0,421.0,353.0,416.0,0
361.0,415.0,335.0,353.0,331.0,275.0,328.0,219.0,335.0,168.0,395.0,273.0,393.0,241.0,399.0,210.0,406.0,184.0,430.0,302.0,331.0,317.0,317.0,326.0,335.0,327.0,438.0,349.0,331.0,373.0,329.0,380.0,357.0,378.0,433.0,395.0,347.0,409.0,348.0,414.0,376.0,414.0,0
365.0,407.0,338.0,347.0,330.0,276.0,329.0,224.0,341.0,174.0,401.0,276.0,384.0,248.0,380.0,220.0,380.0,190.0,429.0,306.0,324.0,317.0,316.0,323.0,335.0,319.0,434.0,353.0,324.0,373.0,329.0,377.0,355.0,373.0,428.0,401.0,344.0,414.0,351.0,414.0,379.0,408.0,0
386.0,421.0,365.0,354.0,351.0,281.0,344.0,229.0,348.0,180.0,402.0,268.0,365.0,239.0,353.0,210.0,344.0,179.0,423.0,297.0,313.0,316.0,313.0,327.0,336.0,324.0,426.0,344.0,313.0,368.0,325.0,374.0,353.0,371.0,421.0,393.0,336.0,406.0,344.0,406.0,370.0,401.0,0
421.0,426.0,391.0,349.0,365.0,272.0,361.0,216.0,368.0,165.0,402.0,257.0,349.0,238.0,325.0,213.0,305.0,187.0,417.0,289.0,304.0,308.0,312.0,328.0,339.0,326.0,420.0,335.0,310.0,359.0,329.0,371.0,359.0,368.0,418.0,384.0,331.0,396.0,344.0,400.0,373.0,396.0,0
462.0,409.0,436.0,337.0,402.0,266.0,387.0,210.0,402.0,164.0,419.0,255.0,363.0,227.0,328.0,204.0,297.0,182.0,424.0,292.0,322.0,298.0,336.0,321.0,363.0,323.0,422.0,335.0,323.0,348.0,345.0,363.0,378.0,360.0,416.0,377.0,335.0,384.0,354.0,394.0,384.0,392.0,0
462.0,392.0,447.0,329.0,407.0,260.0,390.0,205.0,406.0,161.0,407.0,254.0,337.0,226.0,291.0,207.0,252.0,192.0,404.0,292.0,302.0,291.0,321.0,308.0,353.0,311.0,400.0,337.0,306.0,339.0,331.0,350.0,364.0,348.0,395.0,381.0,319.0,379.0,340.0,384.0,370.0,381.0,0
448.0,383.0,440.0,322.0,409.0,256.0,388.0,202.0,396.0,159.0,364.0,256.0,273.0,237.0,216.0,226.0,173.0,219.0,352.0,296.0,278.0,291.0,307.0,304.0,342.0,310.0,343.0,340.0,277.0,340.0,306.0,350.0,341.0,352.0,337.0,381.0,285.0,376.0,313.0,384.0,344.0,385.0,0
471.0,419.0,446.0,353.0,404.0,276.0,387.0,218.0,410.0,168.0,421.0,271.0,361.0,250.0,318.0,241.0,283.0,234.0,426.0,311.0,316.0,318.0,332.0,330.0,363.0,334.0,426.0,359.0,324.0,373.0,349.0,379.0,381.0,377.0,423.0,407.0,339.0,414.0,362.0,414.0,392.0,410.0,0
440.0,421.0,408.0,351.0,375.0,277.0,362.0,217.0,379.0,165.0,412.0,273.0,372.0,248.0,346.0,228.0,326.0,209.0,422.0,309.0,313.0,315.0,326.0,332.0,353.0,334.0,424.0,353.0,319.0,367.0,341.0,376.0,373.0,370.0,422.0,397.0,334.0,407.0,352.0,409.0,384.0,400.0,0
399.0,428.0,364.0,351.0,350.0,272.0,351.0,217.0,365.0,172.0,409.0,274.0,390.0,249.0,375.0,224.0,367.0,197.0,428.0,310.0,342.0,313.0,324.0,317.0,325.0,315.0,431.0,354.0,333.0,364.0,330.0,366.0,349.0,359.0,423.0,399.0,344.0,407.0,347.0,406.0,372.0,399.0,0
335.0,427.0,300.0,357.0,314.0,279.0,334.0,227.0,349.0,185.0,391.0,287.0,425.0,245.0,450.0,218.0,477.0,195.0,427.0,318.0,367.0,316.0,335.0,322.0,330.0,324.0,438.0,361.0,355.0,369.0,337.0,373.0,347.0,370.0,434.0,402.0,370.0,411.0,352.0,408.0,359.0,403.0,0
368.0,402.0,349.0,342.0,349.0,271.0,352.0,223.0,365.0,176.0,413.0,284.0,407.0,251.0,418.0,222.0,431.0,196.0,442.0,315.0,334.0,324.0,333.0,331.0,361.0,331.0,444.0,362.0,333.0,376.0,346.0,378.0,378.0,375.0,434.0,408.0,350.0,414.0,362.0,414.0,394.0,411.0,0
312.0,404.0,290.0,354.0,307.0,282.0,325.0,231.0,338.0,187.0,392.0,287.0,444.0,254.0,485.0,230.0,521.0,209.0,435.0,322.0,362.0,332.0,320.0,347.0,322.0,350.0,442.0,371.0,356.0,388.0,330.0,389.0,341.0,382.0,432.0,418.0,364.0,431.0,339.0,428.0,347.0,421.0,0
289.0,421.0,274.0,362.0,293.0,290.0,314.0,236.0,328.0,191.0,390.0,295.0,452.0,262.0,498.0,243.0,540.0,228.0,430.0,332.0,370.0,340.0,319.0,351.0,311.0,355.0,437.0,380.0,364.0,396.0,326.0,395.0,329.0,389.0,431.0,426.0,369.0,438.0,335.0,433.0,334.0,424.0,0
274.0,422.0,260.0,368.0,284.0,292.0,309.0,236.0,322.0,192.0,389.0,295.0,463.0,266.0,514.0,250.0,558.0,238.0,421.0,336.0,389.0,335.0,328.0,348.0,312.0,354.0,430.0,383.0,385.0,389.0,333.0,392.0,326.0,386.0,427.0,429.0,390.0,433.0,346.0,429.0,336.0,420.0,0
260.0,433.0,248.0,375.0,278.0,299.0,306.0,242.0,320.0,196.0,384.0,304.0,465.0,274.0,518.0,260.0,563.0,248.0,405.0,345.0,398.0,342.0,332.0,354.0,306.0,356.0,412.0,390.0,399.0,394.0,338.0,398.0,317.0,389.0,410.0,434.0,404.0,441.0,352.0,438.0,330.0,426.0,0
256.0,457.0,246.0,391.0,279.0,311.0,310.0,252.0,327.0,205.0,386.0,317.0,472.0,286.0,527.0,274.0,573.0,263.0,399.0,362.0,410.0,348.0,341.0,362.0,306.0,366.0,402.0,410.0,414.0,403.0,347.0,408.0,316.0,404.0,398.0,458.0,413.0,456.0,362.0,451.0,333.0,441.0,0
250.0,412.0,240.0,348.0,268.0,267.0,291.0,211.0,304.0,165.0,373.0,264.0,445.0,225.0,492.0,202.0,534.0,185.0,403.0,303.0,366.0,294.0,309.0,311.0,289.0,325.0,412.0,348.0,367.0,347.0,317.0,354.0,304.0,356.0,411.0,395.0,378.0,393.0,335.0,390.0,321.0,386.0,0
267.0,422.0,253.0,359.0,275.0,278.0,295.0,221.0,308.0,173.0,374.0,269.0,438.0,227.0,485.0,202.0,525.0,183.0,412.0,306.0,359.0,303.0,309.0,323.0,301.0,335.0,423.0,352.0,358.0,360.0,318.0,368.0,320.0,368.0,423.0,399.0,367.0,403.0,332.0,404.0,332.0,401.0,0
280.0,419.0,268.0,353.0,289.0,275.0,308.0,219.0,321.0,173.0,378.0,268.0,429.0,225.0,467.0,195.0,502.0,171.0,419.0,304.0,340.0,296.0,297.0,320.0,300.0,333.0,427.0,351.0,337.0,357.0,309.0,368.0,324.0,369.0,420.0,399.0,345.0,400.0,319.0,403.0,331.0,402.0,0
300.0,418.0,284.0,356.0,297.0,276.0,312.0,218.0,326.0,172.0,372.0,269.0,403.0,229.0,431.0,196.0,459.0,170.0,415.0,300.0,321.0,309.0,294.0,332.0,312.0,342.0,425.0,347.0,323.0,365.0,310.0,378.0,333.0,379.0,420.0,393.0,336.0,402.0,322.0,410.0,340.0,411.0,0
324.0,409.0,304.0,349.0,306.0,276.0,313.0,224.0,323.0,176.0,369.0,272.0,382.0,231.0,396.0,196.0,411.0,165.0,408.0,299.0,303.0,311.0,293.0,333.0,319.0,343.0,417.0,344.0,309.0,365.0,312.0,377.0,340.0,379.0,412.0,390.0,326.0,402.0,328.0,409.0,353.0,410.0,0
345.0,424.0,332.0,357.0,329.0,282.0,331.0,229.0,342.0,181.0,380.0,269.0,354.0,237.0,350.0,209.0,351.0,178.0,402.0,300.0,285.0,309.0,286.0,325.0,314.0,326.0,400.0,349.0,285.0,361.0,296.0,371.0,325.0,371.0,390.0,398.0,305.0,402.0,315.0,404.0,344.0,401.0,0
375.0,429.0,347.0,350.0,329.0,269.0,333.0,213.0,348.0,165.0,365.0,260.0,295.0,241.0,263.0,217.0,242.0,196.0,377.0,297.0,260.0,318.0,274.0,327.0,304.0,325.0,377.0,346.0,262.0,367.0,284.0,371.0,316.0,368.0,373.0,396.0,284.0,404.0,300.0,402.0,331.0,397.0,0
434.0,425.0,426.0,349.0,391.0,271.0,373.0,214.0,388.0,168.0,384.0,272.0,303.0,241.0,258.0,223.0,220.0,207.0,380.0,310.0,278.0,305.0,299.0,324.0,330.0,329.0,372.0,353.0,277.0,353.0,305.0,366.0,338.0,365.0,365.0,393.0,290.0,391.0,312.0,400.0,342.0,401.0,0
443.0,390.0,434.0,327.0,400.0,259.0,379.0,204.0,391.0,163.0,367.0,257.0,276.0,236.0,221.0,223.0,178.0,217.0,352.0,297.0,274.0,292.0,302.0,304.0,338.0,311.0,342.0,341.0,273.0,338.0,301.0,348.0,335.0,353.0,335.0,381.0,281.0,374.0,307.0,383.0,337.0,387.0,0
427.0,384.0,421.0,319.0,386.0,262.0,363.0,211.0,373.0,171.0,328.0,269.0,243.0,257.0,191.0,250.0,151.0,248.0,313.0,308.0,260.0,301.0,291.0,306.0,322.0,312.0,309.0,350.0,265.0,343.0,292.0,347.0,322.0,353.0,311.0,387.0,276.0,379.0,301.0,381.0,325.0,384.0,0
442.0,402.0,423.0,341.0,381.0,273.0,360.0,219.0,374.0,178.0,370.0,278.0,288.0,258.0,237.0,249.0,196.0,242.0,361.0,317.0,268.0,314.0,294.0,325.0,329.0,330.0,353.0,359.0,271.0,361.0,298.0,368.0,330.0,371.0,346.0,401.0,284.0,399.0,308.0,402.0,334.0,403.0,0
429.0,410.0,403.0,348.0,360.0,281.0,339.0,227.0,353.0,180.0,375.0,283.0,313.0,260.0,269.0,249.0,230.0,243.0,377.0,322.0,270.0,326.0,288.0,335.0,317.0,338.0,375.0,367.0,277.0,376.0,301.0,380.0,331.0,378.0,370.0,410.0,291.0,413.0,312.0,412.0,341.0,408.0,0
407.0,416.0,376.0,350.0,340.0,279.0,328.0,223.0,344.0,172.0,378.0,274.0,333.0,254.0,300.0,240.0,271.0,229.0,387.0,312.0,276.0,322.0,292.0,336.0,320.0,339.0,387.0,359.0,280.0,374.0,305.0,381.0,338.0,376.0,385.0,405.0,297.0,415.0,318.0,416.0,349.0,408.0,0
382.0,424.0,346.0,350.0,328.0,273.0,330.0,220.0,345.0,178.0,390.0,282.0,364.0,268.0,351.0,250.0,341.0,226.0,406.0,323.0,308.0,326.0,304.0,338.0,318.0,335.0,407.0,370.0,302.0,374.0,312.0,382.0,342.0,379.0,400.0,414.0,318.0,416.0,327.0,415.0,357.0,409.0,0
307.0,431.0,270.0,359.0,288.0,281.0,309.0,228.0,326.0,183.0,369.0,288.0,416.0,247.0,449.0,222.0,481.0,202.0,404.0,322.0,333.0,314.0,298.0,327.0,294.0,334.0,412.0,369.0,318.0,373.0,304.0,378.0,321.0,378.0,402.0,412.0,334.0,418.0,320.0,416.0,334.0,411.0,0
332.0,422.0,318.0,354.0,321.0,282.0,325.0,231.0,337.0,184.0,387.0,294.0,383.0,257.0,396.0,228.0,410.0,205.0,410.0,326.0,302.0,322.0,303.0,331.0,329.0,339.0,407.0,371.0,297.0,372.0,309.0,378.0,339.0,381.0,393.0,415.0,309.0,415.0,322.0,416.0,353.0,417.0,0
262.0,389.0,241.0,336.0,264.0,264.0,290.0,212.0,307.0,165.0,361.0,277.0,416.0,253.0,460.0,234.0,498.0,219.0,398.0,314.0,343.0,318.0,290.0,334.0,288.0,338.0,405.0,363.0,335.0,372.0,298.0,374.0,309.0,367.0,397.0,408.0,346.0,417.0,313.0,412.0,317.0,404.0,0
237.0,406.0,226.0,349.0,255.0,275.0,279.0,219.0,293.0,173.0,357.0,282.0,431.0,253.0,482.0,238.0,526.0,227.0,387.0,323.0,354.0,315.0,293.0,329.0,270.0,337.0,393.0,371.0,350.0,369.0,299.0,373.0,285.0,370.0,388.0,417.0,355.0,416.0,312.0,411.0,298.0,404.0,0
238.0,415.0,235.0,356.0,271.0,279.0,298.0,222.0,312.0,175.0,377.0,287.0,455.0,262.0,509.0,248.0,555.0,238.0,397.0,330.0,384.0,319.0,316.0,334.0,283.0,345.0,400.0,379.0,381.0,375.0,319.0,379.0,296.0,378.0,394.0,427.0,384.0,423.0,334.0,416.0,314.0,407.0,0
227.0,434.0,222.0,370.0,262.0,287.0,293.0,223.0,312.0,175.0,371.0,299.0,458.0,267.0,512.0,251.0,558.0,238.0,381.0,343.0,398.0,319.0,324.0,334.0,287.0,345.0,382.0,392.0,401.0,378.0,328.0,383.0,296.0,383.0,377.0,443.0,403.0,434.0,348.0,426.0,318.0,416.0,0
233.0,424.0,225.0,358.0,254.0,277.0,277.0,213.0,292.0,165.0,361.0,275.0,434.0,239.0,486.0,218.0,530.0,204.0,393.0,315.0,351.0,303.0,292.0,320.0,276.0,333.0,401.0,362.0,346.0,362.0,298.0,368.0,295.0,369.0,398.0,409.0,353.0,407.0,313.0,405.0,310.0,403.0,0
267.0,429.0,257.0,364.0,278.0,283.0,298.0,227.0,313.0,178.0,373.0,284.0,431.0,247.0,475.0,222.0,514.0,205.0,414.0,323.0,339.0,321.0,295.0,340.0,299.0,352.0,421.0,371.0,335.0,379.0,303.0,387.0,314.0,389.0,414.0,419.0,342.0,423.0,314.0,425.0,322.0,426.0,0
316.0,410.0,305.0,352.0,316.0,275.0,327.0,221.0,339.0,174.0,392.0,282.0,424.0,245.0,452.0,216.0,480.0,194.0,432.0,317.0,340.0,323.0,311.0,339.0,327.0,345.0,439.0,366.0,337.0,380.0,324.0,387.0,347.0,387.0,430.0,411.0,348.0,417.0,337.0,421.0,358.0,422.0,0
342.0,415.0,332.0,349.0,336.0,275.0,339.0,222.0,353.0,174.0,396.0,281.0,393.0,246.0,399.0,212.0,406.0,184.0,420.0,314.0,305.0,311.0,299.0,322.0,324.0,330.0,416.0,362.0,300.0,363.0,308.0,373.0,338.0,379.0,402.0,408.0,314.0,407.0,320.0,412.0,349.0,417.0,0
354.0,390.0,339.0,320.0,325.0,244.0,321.0,188.0,332.0,134.0,364.0,224.0,308.0,189.0,290.0,163.0,287.0,139.0,382.0,255.0,254.0,268.0,260.0,283.0,290.0,287.0,381.0,302.0,257.0,317.0,272.0,328.0,305.0,329.0,375.0,352.0,282.0,360.0,290.0,359.0,317.0,356.0,0
398.0,407.0,372.0,324.0,336.0,238.0,323.0,175.0,326.0,119.0,358.0,227.0,268.0,204.0,221.0,182.0,186.0,154.0,372.0,271.0,241.0,291.0,259.0,312.0,293.0,309.0,371.0,329.0,244.0,353.0,272.0,361.0,310.0,358.0,367.0,385.0,266.0,394.0,287.0,394.0,324.0,389.0,0
426.0,386.0,420.0,304.0,375.0,220.0,350.0,158.0,362.0,109.0,352.0,220.0,245.0,189.0,180.0,168.0,129.0,153.0,342.0,266.0,233.0,263.0,259.0,283.0,298.0,291.0,334.0,319.0,235.0,320.0,266.0,335.0,305.0,336.0,330.0,368.0,251.0,367.0,278.0,375.0,313.0,377.0,0
417.0,381.0,415.0,308.0,378.0,237.0,353.0,176.0,365.0,128.0,323.0,237.0,217.0,215.0,153.0,202.0,105.0,197.0,306.0,281.0,232.0,275.0,266.0,284.0,304.0,292.0,297.0,331.0,235.0,325.0,266.0,334.0,302.0,341.0,293.0,376.0,242.0,365.0,271.0,372.0,302.0,379.0,0
416.0,371.0,409.0,301.0,369.0,227.0,347.0,166.0,358.0,117.0,326.0,229.0,221.0,201.0,154.0,187.0,102.0,178.0,311.0,273.0,227.0,268.0,263.0,282.0,303.0,291.0,301.0,322.0,228.0,320.0,262.0,330.0,300.0,334.0,295.0,369.0,235.0,362.0,265.0,368.0,296.0,371.0,0
426.0,386.0,418.0,310.0,382.0,243.0,362.0,183.0,375.0,135.0,321.0,252.0,221.0,233.0,161.0,224.0,113.0,221.0,303.0,296.0,239.0,285.0,272.0,290.0,307.0,297.0,297.0,344.0,243.0,333.0,274.0,336.0,308.0,343.0,296.0,387.0,251.0,372.0,277.0,373.0,305.0,379.0,0
414.0,382.0,404.0,316.0,363.0,246.0,340.0,188.0,350.0,142.0,331.0,246.0,236.0,218.0,176.0,203.0,127.0,194.0,318.0,287.0,232.0,284.0,265.0,299.0,303.0,307.0,307.0,334.0,231.0,334.0,264.0,344.0,303.0,348.0,298.0,379.0,241.0,375.0,272.0,382.0,303.0,385.0,0
419.0,399.0,393.0,332.0,345.0,255.0,324.0,198.0,343.0,150.0,360.0,250.0,291.0,215.0,245.0,196.0,207.0,179.0,359.0,288.0,246.0,293.0,265.0,310.0,299.0,315.0,354.0,335.0,251.0,348.0,276.0,356.0,309.0,354.0,347.0,383.0,264.0,387.0,288.0,391.0,319.0,388.0,0
416.0,387.0,399.0,324.0,356.0,253.0,336.0,197.0,350.0,152.0,349.0,248.0,268.0,219.0,214.0,201.0,169.0,188.0,344.0,292.0,239.0,290.0,262.0,308.0,300.0,313.0,338.0,341.0,247.0,346.0,275.0,357.0,309.0,355.0,331.0,389.0,258.0,387.0,284.0,393.0,314.0,392.0,0
407.0,409.0,382.0,337.0,342.0,259.0,323.0,199.0,339.0,143.0,374.0,251.0,325.0,222.0,288.0,202.0,256.0,182.0,377.0,290.0,257.0,296.0,275.0,313.0,309.0,319.0,373.0,340.0,259.0,354.0,285.0,362.0,322.0,359.0,366.0,390.0,273.0,397.0,297.0,399.0,331.0,394.0,0
366.0,432.0,332.0,347.0,317.0,262.0,318.0,202.0,334.0,152.0,381.0,274.0,356.0,245.0,349.0,215.0,351.0,183.0,396.0,313.0,280.0,302.0,282.0,320.0,308.0,324.0,395.0,361.0,274.0,363.0,287.0,374.0,323.0,373.0,386.0,407.0,292.0,411.0,304.0,415.0,338.0,410.0,0
329.0,422.0,302.0,341.0,305.0,259.0,318.0,199.0,336.0,149.0,382.0,274.0,384.0,232.0,403.0,197.0,422.0,163.0,408.0,311.0,294.0,299.0,295.0,314.0,322.0,318.0,409.0,359.0,291.0,361.0,303.0,365.0,336.0,365.0,399.0,406.0,309.0,404.0,321.0,403.0,354.0,399.0,0
299.0,398.0,277.0,333.0,297.0,256.0,316.0,201.0,337.0,151.0,380.0,277.0,411.0,239.0,443.0,210.0,473.0,182.0,417.0,315.0,318.0,306.0,298.0,315.0,314.0,314.0,418.0,367.0,305.0,365.0,302.0,369.0,326.0,370.0,401.0,415.0,317.0,411.0,313.0,410.0,335.0,408.0,0
282.0,391.0,274.0,332.0,302.0,259.0,325.0,204.0,343.0,158.0,391.0,276.0,451.0,242.0,497.0,218.0,538.0,200.0,431.0,318.0,355.0,310.0,308.0,319.0,309.0,325.0,432.0,369.0,342.0,373.0,314.0,369.0,329.0,366.0,416.0,417.0,343.0,418.0,319.0,413.0,331.0,409.0,0
266.0,391.0,262.0,333.0,292.0,261.0,319.0,203.0,341.0,156.0,394.0,278.0,467.0,250.0,520.0,233.0,568.0,221.0,428.0,322.0,369.0,316.0,311.0,320.0,303.0,325.0,428.0,374.0,357.0,374.0,315.0,368.0,321.0,364.0,415.0,423.0,357.0,422.0,320.0,413.0,321.0,407.0,0
238.0,427.0,229.0,364.0,260.0,286.0,293.0,225.0,313.0,178.0,371.0,297.0,453.0,267.0,512.0,251.0,561.0,240.0,399.0,339.0,371.0,325.0,306.0,337.0,283.0,347.0,404.0,388.0,366.0,386.0,309.0,386.0,295.0,383.0,398.0,438.0,366.0,436.0,318.0,426.0,304.0,415.0,0
291.0,416.0,281.0,357.0,299.0,276.0,313.0,219.0,329.0,171.0,384.0,281.0,435.0,241.0,473.0,214.0,510.0,194.0,426.0,319.0,350.0,323.0,306.0,335.0,308.0,340.0,434.0,368.0,344.0,384.0,313.0,387.0,325.0,385.0,427.0,419.0,352.0,428.0,323.0,426.0,331.0,423.0,0
307.0,413.0,291.0,356.0,304.0,279.0,318.0,224.0,331.0,175.0,380.0,289.0,418.0,254.0,451.0,225.0,485.0,202.0,428.0,327.0,334.0,338.0,304.0,350.0,322.0,351.0,433.0,379.0,330.0,399.0,319.0,399.0,343.0,398.0,423.0,427.0,338.0,438.0,325.0,438.0,345.0,438.0,0
310.0,422.0,297.0,360.0,303.0,282.0,312.0,225.0,328.0,172.0,370.0,291.0,380.0,256.0,401.0,223.0,423.0,196.0,404.0,329.0,287.0,333.0,281.0,340.0,303.0,348.0,403.0,383.0,283.0,392.0,292.0,395.0,323.0,399.0,390.0,434.0,299.0,435.0,307.0,435.0,337.0,438.0,0
330.0,435.0,318.0,368.0,312.0,291.0,312.0,234.0,328.0,182.0,369.0,281.0,344.0,245.0,340.0,213.0,338.0,183.0,390.0,314.0,267.0,323.0,264.0,341.0,294.0,348.0,387.0,365.0,265.0,376.0,276.0,388.0,309.0,390.0,376.0,417.0,283.0,420.0,292.0,423.0,325.0,423.0,0
374.0,426.0,363.0,345.0,347.0,261.0,344.0,205.0,357.0,162.0,366.0,266.0,294.0,245.0,262.0,225.0,241.0,206.0,369.0,307.0,252.0,316.0,264.0,327.0,292.0,327.0,363.0,354.0,247.0,361.0,274.0,369.0,310.0,371.0,355.0,400.0,265.0,399.0,286.0,401.0,322.0,404.0,0
382.0,440.0,347.0,361.0,319.0,276.0,310.0,212.0,325.0,161.0,355.0,270.0,312.0,247.0,289.0,222.0,270.0,196.0,370.0,309.0,254.0,321.0,269.0,348.0,298.0,351.0,373.0,358.0,260.0,375.0,282.0,392.0,316.0,388.0,371.0,408.0,278.0,416.0,296.0,423.0,326.0,419.0,0
410.0,418.0,405.0,336.0,371.0,260.0,357.0,203.0,373.0,159.0,357.0,259.0,272.0,228.0,221.0,210.0,177.0,195.0,346.0,299.0,248.0,287.0,269.0,304.0,300.0,312.0,334.0,344.0,246.0,336.0,272.0,349.0,305.0,351.0,326.0,385.0,256.0,379.0,278.0,387.0,308.0,390.0,0
406.0,386.0,395.0,321.0,361.0,255.0,345.0,200.0,360.0,157.0,324.0,252.0,234.0,230.0,179.0,217.0,136.0,209.0,311.0,292.0,234.0,287.0,263.0,300.0,299.0,308.0,302.0,337.0,233.0,334.0,260.0,345.0,296.0,350.0,296.0,378.0,239.0,373.0,265.0,382.0,297.0,386.0,0
409.0,383.0,405.0,321.0,369.0,256.0,347.0,201.0,358.0,157.0,317.0,258.0,222.0,244.0,165.0,237.0,122.0,236.0,305.0,299.0,234.0,297.0,268.0,306.0,305.0,312.0,298.0,343.0,239.0,342.0,270.0,349.0,305.0,353.0,295.0,385.0,248.0,377.0,276.0,382.0,303.0,385.0,0
408.0,388.0,403.0,322.0,368.0,259.0,345.0,206.0,355.0,164.0,303.0,266.0,211.0,254.0,154.0,247.0,112.0,244.0,286.0,307.0,235.0,302.0,269.0,309.0,302.0,317.0,280.0,351.0,238.0,343.0,267.0,349.0,300.0,356.0,279.0,390.0,247.0,379.0,274.0,383.0,300.0,387.0,0
418.0,403.0,402.0,338.0,362.0,269.0,343.0,216.0,356.0,176.0,342.0,272.0,262.0,243.0,212.0,230.0,171.0,220.0,331.0,311.0,244.0,306.0,271.0,317.0,304.0,323.0,323.0,353.0,245.0,352.0,272.0,359.0,303.0,363.0,317.0,397.0,253.0,390.0,276.0,392.0,304.0,395.0,0
414.0,429.0,390.0,363.0,347.0,292.0,326.0,237.0,340.0,188.0,365.0,283.0,310.0,258.0,271.0,246.0,239.0,235.0,367.0,321.0,258.0,328.0,272.0,341.0,302.0,346.0,367.0,367.0,265.0,382.0,289.0,388.0,320.0,384.0,363.0,412.0,281.0,421.0,302.0,422.0,332.0,416.0,0
380.0,448.0,347.0,377.0,324.0,301.0,316.0,243.0,328.0,194.0,377.0,293.0,326.0,273.0,322.0,281.0,334.0,276.0,389.0,334.0,277.0,335.0,287.0,358.0,314.0,358.0,388.0,381.0,276.0,393.0,295.0,407.0,328.0,401.0,382.0,426.0,293.0,437.0,309.0,441.0,342.0,432.0,0
336.0,450.0,302.0,371.0,303.0,290.0,314.0,234.0,332.0,188.0,372.0,306.0,367.0,278.0,377.0,252.0,393.0,225.0,395.0,343.0,299.0,333.0,296.0,337.0,315.0,336.0,397.0,387.0,293.0,387.0,302.0,390.0,332.0,388.0,387.0,430.0,311.0,432.0,320.0,430.0,349.0,425.0,0
278.0,414.0,255.0,348.0,277.0,276.0,297.0,227.0,314.0,183.0,356.0,293.0,391.0,261.0,422.0,238.0,450.0,218.0,391.0,327.0,306.0,325.0,283.0,330.0,288.0,330.0,395.0,374.0,294.0,374.0,289.0,375.0,306.0,375.0,382.0,417.0,304.0,417.0,299.0,413.0,317.0,409.0,0
274.0,397.0,265.0,340.0,293.0,273.0,316.0,222.0,337.0,180.0,378.0,290.0,431.0,262.0,474.0,241.0,511.0,224.0,415.0,331.0,339.0,322.0,295.0,329.0,296.0,333.0,414.0,379.0,326.0,379.0,302.0,374.0,317.0,370.0,396.0,423.0,327.0,420.0,307.0,415.0,320.0,411.0,0
271.0,394.0,267.0,340.0,295.0,270.0,320.0,217.0,341.0,174.0,388.0,286.0,451.0,259.0,498.0,243.0,539.0,232.0,422.0,328.0,365.0,321.0,312.0,327.0,308.0,332.0,422.0,376.0,350.0,376.0,311.0,371.0,320.0,368.0,408.0,422.0,348.0,418.0,315.0,409.0,318.0,405.0,0
253.0,402.0,249.0,344.0,279.0,275.0,308.0,220.0,327.0,175.0,379.0,289.0,451.0,264.0,504.0,249.0,550.0,241.0,412.0,332.0,361.0,326.0,303.0,332.0,290.0,339.0,415.0,380.0,353.0,381.0,307.0,377.0,306.0,374.0,404.0,428.0,353.0,428.0,313.0,418.0,308.0,411.0,0
248.0,402.0,244.0,347.0,280.0,273.0,311.0,216.0,335.0,173.0,386.0,284.0,463.0,259.0,517.0,246.0,564.0,237.0,412.0,328.0,380.0,310.0,314.0,321.0,297.0,332.0,415.0,378.0,371.0,369.0,314.0,368.0,306.0,367.0,407.0,428.0,374.0,419.0,327.0,411.0,316.0,406.0,0
234.0,406.0,230.0,347.0,269.0,269.0,302.0,212.0,325.0,167.0,382.0,284.0,466.0,257.0,524.0,244.0,572.0,236.0,406.0,331.0,387.0,315.0,313.0,324.0,287.0,332.0,409.0,382.0,379.0,376.0,315.0,372.0,299.0,366.0,399.0,431.0,373.0,428.0,323.0,416.0,308.0,407.0,0
237.0,416.0,238.0,354.0,274.0,276.0,303.0,216.0,326.0,167.0,373.0,287.0,446.0,254.0,497.0,235.0,542.0,222.0,407.0,330.0,343.0,319.0,289.0,334.0,286.0,348.0,407.0,381.0,328.0,379.0,289.0,383.0,299.0,387.0,394.0,429.0,327.0,428.0,291.0,423.0,296.0,422.0,0
276.0,406.0,268.0,349.0,286.0,270.0,302.0,213.0,320.0,164.0,368.0,280.0,413.0,245.0,450.0,218.0,486.0,200.0,408.0,320.0,320.0,325.0,286.0,337.0,299.0,346.0,409.0,372.0,310.0,383.0,289.0,384.0,310.0,385.0,395.0,422.0,313.0,423.0,291.0,421.0,303.0,421.0,0
305.0,400.0,294.0,343.0,304.0,267.0,316.0,215.0,335.0,165.0,374.0,290.0,397.0,261.0,423.0,232.0,452.0,210.0,411.0,332.0,301.0,331.0,281.0,336.0,304.0,341.0,406.0,385.0,292.0,390.0,293.0,386.0,321.0,388.0,389.0,432.0,300.0,432.0,302.0,429.0,329.0,432.0,0
294.0,403.0,289.0,347.0,301.0,271.0,306.0,218.0,327.0,169.0,361.0,296.0,353.0,268.0,363.0,235.0,374.0,207.0,386.0,335.0,261.0,338.0,261.0,340.0,288.0,345.0,379.0,388.0,255.0,391.0,269.0,390.0,302.0,392.0,362.0,437.0,270.0,436.0,281.0,431.0,314.0,432.0,0
318.0,398.0,312.0,344.0,309.0,273.0,311.0,225.0,331.0,180.0,365.0,276.0,328.0,257.0,325.0,231.0,328.0,209.0,391.0,311.0,257.0,332.0,256.0,338.0,285.0,340.0,390.0,362.0,261.0,382.0,274.0,386.0,309.0,387.0,380.0,413.0,283.0,422.0,292.0,425.0,324.0,427.0,0
348.0,408.0,343.0,336.0,334.0,255.0,333.0,200.0,343.0,150.0,353.0,261.0,276.0,234.0,239.0,221.0,216.0,212.0,358.0,298.0,236.0,304.0,245.0,313.0,273.0,318.0,355.0,342.0,238.0,350.0,262.0,359.0,297.0,364.0,353.0,388.0,263.0,390.0,277.0,391.0,309.0,393.0,0
390.0,430.0,358.0,350.0,329.0,269.0,323.0,209.0,337.0,161.0,360.0,265.0,303.0,243.0,273.0,220.0,248.0,196.0,371.0,305.0,258.0,319.0,268.0,340.0,292.0,339.0,371.0,353.0,261.0,371.0,283.0,383.0,314.0,379.0,366.0,400.0,279.0,407.0,295.0,411.0,324.0,408.0,0
398.0,405.0,401.0,327.0,366.0,249.0,344.0,190.0,358.0,146.0,333.0,251.0,232.0,225.0,171.0,212.0,123.0,204.0,322.0,291.0,229.0,286.0,255.0,300.0,291.0,307.0,312.0,336.0,234.0,337.0,261.0,346.0,294.0,346.0,305.0,376.0,245.0,377.0,271.0,383.0,300.0,385.0,0
396.0,383.0,391.0,312.0,354.0,248.0,331.0,192.0,344.0,149.0,298.0,250.0,200.0,232.0,140.0,224.0,96.0,219.0,281.0,291.0,213.0,286.0,241.0,295.0,275.0,300.0,273.0,337.0,219.0,332.0,244.0,338.0,275.0,343.0,271.0,379.0,228.0,370.0,254.0,376.0,282.0,380.0,0
392.0,384.0,387.0,315.0,350.0,252.0,327.0,198.0,340.0,156.0,287.0,260.0,195.0,251.0,138.0,246.0,95.0,246.0,271.0,301.0,214.0,298.0,246.0,304.0,281.0,311.0,265.0,345.0,221.0,341.0,249.0,347.0,282.0,353.0,264.0,384.0,234.0,377.0,262.0,381.0,289.0,385.0,0
420.0,406.0,402.0,337.0,357.0,261.0,337.0,200.0,350.0,148.0,334.0,274.0,232.0,248.0,168.0,235.0,117.0,226.0,327.0,325.0,217.0,318.0,252.0,326.0,295.0,330.0,324.0,378.0,223.0,373.0,256.0,375.0,296.0,376.0,322.0,429.0,245.0,419.0,271.0,416.0,303.0,416.0,0
425.0,426.0,397.0,353.0,352.0,270.0,337.0,207.0,360.0,156.0,372.0,278.0,296.0,242.0,246.0,220.0,205.0,200.0,369.0,324.0,236.0,316.0,257.0,327.0,297.0,336.0,363.0,376.0,241.0,377.0,268.0,379.0,307.0,381.0,356.0,428.0,258.0,423.0,282.0,420.0,318.0,419.0,0
416.0,405.0,397.0,337.0,352.0,260.0,334.0,200.0,352.0,150.0,348.0,261.0,258.0,236.0,200.0,218.0,152.0,205.0,345.0,311.0,221.0,308.0,247.0,324.0,290.0,329.0,342.0,367.0,230.0,366.0,261.0,375.0,301.0,375.0,337.0,420.0,247.0,413.0,275.0,417.0,311.0,416.0,0
407.0,430.0,383.0,354.0,343.0,272.0,331.0,207.0,355.0,152.0,373.0,268.0,322.0,233.0,284.0,208.0,255.0,184.0,377.0,309.0,252.0,307.0,265.0,325.0,298.0,334.0,373.0,362.0,249.0,370.0,273.0,379.0,312.0,379.0,366.0,416.0,266.0,419.0,288.0,421.0,325.0,416.0,0
369.0,435.0,341.0,353.0,320.0,264.0,315.0,198.0,334.0,143.0,365.0,269.0,325.0,229.0,311.0,198.0,305.0,169.0,377.0,310.0,252.0,303.0,261.0,326.0,290.0,333.0,376.0,362.0,250.0,363.0,269.0,378.0,307.0,378.0,368.0,412.0,264.0,413.0,283.0,418.0,322.0,414.0,0
331.0,438.0,303.0,353.0,303.0,262.0,316.0,197.0,339.0,147.0,358.0,269.0,344.0,223.0,344.0,186.0,349.0,150.0,380.0,309.0,262.0,292.0,262.0,318.0,289.0,328.0,380.0,359.0,259.0,352.0,271.0,367.0,306.0,371.0,369.0,406.0,271.0,396.0,282.0,402.0,316.0,403.0,0
276.0,416.0,250.0,337.0,274.0,255.0,303.0,199.0,328.0,154.0,360.0,269.0,404.0,219.0,437.0,185.0,466.0,156.0,394.0,307.0,304.0,286.0,267.0,307.0,268.0,320.0,399.0,356.0,297.0,347.0,274.0,358.0,286.0,363.0,386.0,403.0,316.0,404.0,291.0,400.0,292.0,395.0,0
298.0,404.0,291.0,333.0,303.0,254.0,318.0,199.0,340.0,147.0,367.0,266.0,371.0,223.0,393.0,188.0,417.0,157.0,394.0,305.0,269.0,293.0,265.0,305.0,296.0,314.0,389.0,357.0,264.0,351.0,277.0,358.0,309.0,364.0,372.0,408.0,279.0,398.0,290.0,400.0,320.0,403.0,0
264.0,381.0,244.0,324.0,269.0,252.0,305.0,197.0,336.0,147.0,365.0,266.0,420.0,236.0,467.0,213.0,510.0,194.0,407.0,310.0,325.0,303.0,274.0,322.0,280.0,328.0,409.0,366.0,311.0,370.0,280.0,370.0,298.0,363.0,394.0,414.0,317.0,421.0,288.0,415.0,299.0,408.0,0
233.0,397.0,227.0,340.0,262.0,265.0,294.0,204.0,320.0,157.0,364.0,278.0,440.0,247.0,498.0,230.0,548.0,217.0,401.0,324.0,348.0,316.0,284.0,329.0,274.0,336.0,404.0,379.0,338.0,380.0,289.0,381.0,293.0,377.0,392.0,431.0,334.0,432.0,292.0,426.0,292.0,419.0,0
272.0,398.0,269.0,339.0,299.0,263.0,329.0,208.0,353.0,162.0,392.0,277.0,449.0,243.0,493.0,221.0,534.0,205.0,430.0,319.0,358.0,319.0,307.0,324.0,308.0,326.0,432.0,371.0,345.0,379.0,307.0,375.0,319.0,371.0,417.0,422.0,343.0,424.0,310.0,416.0,318.0,411.0,0
306.0,393.0,298.0,337.0,309.0,261.0,325.0,212.0,348.0,161.0,376.0,287.0,403.0,253.0,434.0,226.0,466.0,208.0,416.0,331.0,317.0,331.0,286.0,337.0,307.0,338.0,415.0,385.0,308.0,392.0,296.0,387.0,317.0,387.0,401.0,435.0,317.0,437.0,306.0,429.0,323.0,429.0,0
299.0,388.0,287.0,330.0,294.0,252.0,301.0,198.0,318.0,148.0,358.0,266.0,353.0,232.0,367.0,199.0,382.0,174.0,389.0,303.0,273.0,300.0,268.0,314.0,293.0,328.0,388.0,353.0,271.0,351.0,279.0,360.0,308.0,368.0,376.0,401.0,287.0,395.0,294.0,399.0,322.0,405.0,0
330.0,404.0,317.0,346.0,314.0,277.0,319.0,226.0,337.0,175.0,375.0,281.0,346.0,242.0,347.0,212.0,352.0,183.0,400.0,317.0,274.0,320.0,273.0,336.0,304.0,342.0,397.0,367.0,273.0,373.0,285.0,383.0,317.0,385.0,386.0,417.0,291.0,419.0,300.0,421.0,331.0,421.0,0
355.0,403.0,336.0,338.0,328.0,262.0,328.0,213.0,339.0,165.0,369.0,260.0,307.0,240.0,287.0,217.0,276.0,195.0,389.0,298.0,261.0,325.0,270.0,334.0,301.0,334.0,391.0,350.0,266.0,371.0,286.0,376.0,320.0,376.0,386.0,404.0,293.0,416.0,309.0,416.0,343.0,414.0,0
344.0,433.0,320.0,350.0,306.0,269.0,308.0,211.0,321.0,161.0,362.0,265.0,315.0,238.0,300.0,209.0,295.0,177.0,378.0,303.0,263.0,312.0,269.0,332.0,300.0,331.0,379.0,354.0,264.0,364.0,277.0,379.0,309.0,381.0,372.0,405.0,282.0,408.0,293.0,413.0,325.0,412.0,0
404.0,432.0,381.0,344.0,350.0,264.0,339.0,205.0,350.0,156.0,370.0,265.0,284.0,247.0,236.0,229.0,198.0,215.0,374.0,305.0,262.0,319.0,279.0,331.0,308.0,331.0,373.0,350.0,262.0,368.0,291.0,376.0,328.0,373.0,370.0,395.0,282.0,407.0,306.0,410.0,342.0,407.0,0
444.0,427.0,426.0,351.0,381.0,275.0,361.0,216.0,378.0,170.0,375.0,279.0,283.0,256.0,227.0,241.0,180.0,233.0,373.0,322.0,269.0,317.0,292.0,331.0,326.0,338.0,369.0,368.0,270.0,370.0,300.0,380.0,336.0,379.0,366.0,412.0,288.0,412.0,313.0,419.0,346.0,419.0,0
436.0,396.0,423.0,331.0,386.0,261.0,366.0,205.0,381.0,160.0,351.0,265.0,258.0,245.0,200.0,233.0,155.0,225.0,339.0,306.0,255.0,299.0,282.0,311.0,320.0,318.0,332.0,352.0,258.0,348.0,286.0,356.0,321.0,360.0,327.0,395.0,270.0,387.0,296.0,392.0,327.0,395.0,0
438.0,383.0,432.0,317.0,393.0,253.0,370.0,196.0,385.0,151.0,339.0,259.0,246.0,243.0,189.0,234.0,145.0,229.0,324.0,299.0,260.0,296.0,294.0,306.0,330.0,312.0,317.0,343.0,264.0,341.0,294.0,347.0,328.0,352.0,317.0,384.0,275.0,378.0,301.0,382.0,328.0,385.0,0
323.0,322.0,304.0,273.0,318.0,227.0,338.0,178.0,357.0,131.0,406.0,288.0,441.0,289.0,393.0,290.0,347.0,293.0,427.0,322.0,449.0,312.0,390.0,315.0,337.0,319.0,423.0,358.0,441.0,347.0,385.0,346.0,332.0,343.0,402.0,397.0,422.0,399.0,388.0,389.0,351.0,379.0,0
280.0,356.0,279.0,306.0,304.0,233.0,324.0,178.0,340.0,140.0,399.0,241.0,466.0,212.0,512.0,196.0,556.0,185.0,431.0,282.0,372.0,273.0,327.0,292.0,320.0,306.0,434.0,326.0,365.0,320.0,329.0,331.0,331.0,340.0,426.0,374.0,374.0,368.0,340.0,362.0,337.0,358.0,0
305.0,368.0,294.0,309.0,314.0,233.0,329.0,178.0,345.0,134.0,393.0,241.0,439.0,208.0,475.0,186.0,511.0,169.0,429.0,276.0,359.0,273.0,319.0,290.0,325.0,300.0,435.0,322.0,355.0,327.0,325.0,334.0,338.0,336.0,428.0,367.0,365.0,368.0,337.0,369.0,344.0,371.0,0
334.0,374.0,315.0,322.0,319.0,246.0,322.0,193.0,331.0,149.0,383.0,250.0,410.0,218.0,435.0,190.0,462.0,167.0,425.0,282.0,338.0,298.0,316.0,308.0,333.0,308.0,434.0,329.0,340.0,350.0,332.0,352.0,353.0,349.0,429.0,374.0,353.0,385.0,344.0,387.0,362.0,388.0,0
365.0,404.0,356.0,331.0,350.0,251.0,349.0,196.0,368.0,148.0,398.0,246.0,349.0,216.0,334.0,186.0,324.0,158.0,414.0,279.0,286.0,287.0,292.0,298.0,319.0,304.0,411.0,328.0,287.0,335.0,303.0,345.0,333.0,348.0,402.0,378.0,307.0,378.0,318.0,380.0,348.0,381.0,0
364.0,402.0,344.0,324.0,348.0,249.0,360.0,196.0,370.0,146.0,413.0,262.0,400.0,230.0,409.0,202.0,420.0,170.0,437.0,296.0,328.0,297.0,330.0,309.0,355.0,307.0,438.0,342.0,327.0,349.0,339.0,353.0,368.0,351.0,428.0,389.0,344.0,390.0,356.0,390.0,385.0,387.0,0
381.0,398.0,368.0,322.0,360.0,244.0,361.0,192.0,379.0,146.0,396.0,248.0,318.0,227.0,286.0,209.0,270.0,191.0,406.0,288.0,281.0,296.0,292.0,306.0,320.0,308.0,402.0,336.0,279.0,343.0,300.0,350.0,332.0,353.0,392.0,386.0,301.0,385.0,318.0,385.0,347.0,386.0,0
410.0,411.0,414.0,328.0,391.0,246.0,376.0,190.0,389.0,148.0,380.0,254.0,289.0,222.0,238.0,206.0,197.0,195.0,376.0,296.0,273.0,286.0,285.0,299.0,309.0,306.0,367.0,342.0,270.0,336.0,297.0,346.0,333.0,349.0,358.0,384.0,284.0,379.0,304.0,384.0,334.0,386.0,0
430.0,386.0,429.0,316.0,397.0,244.0,380.0,189.0,394.0,148.0,357.0,241.0,266.0,215.0,210.0,199.0,167.0,190.0,341.0,280.0,266.0,273.0,291.0,285.0,324.0,294.0,331.0,324.0,266.0,317.0,292.0,327.0,323.0,333.0,326.0,365.0,273.0,356.0,297.0,362.0,326.0,367.0,0
418.0,372.0,412.0,307.0,381.0,248.0,361.0,195.0,371.0,154.0,328.0,249.0,240.0,232.0,187.0,224.0,146.0,222.0,313.0,285.0,254.0,283.0,283.0,291.0,316.0,297.0,306.0,327.0,256.0,325.0,283.0,332.0,314.0,337.0,305.0,365.0,266.0,361.0,292.0,365.0,318.0,367.0,0
417.0,381.0,400.0,322.0,359.0,255.0,343.0,202.0,359.0,161.0,350.0,252.0,272.0,226.0,223.0,215.0,182.0,204.0,343.0,288.0,250.0,288.0,276.0,302.0,310.0,306.0,336.0,329.0,254.0,334.0,281.0,343.0,313.0,344.0,328.0,370.0,265.0,371.0,290.0,375.0,316.0,375.0,0
423.0,405.0,397.0,339.0,361.0,269.0,344.0,214.0,358.0,165.0,387.0,262.0,342.0,236.0,304.0,217.0,272.0,201.0,389.0,297.0,283.0,300.0,294.0,316.0,322.0,322.0,386.0,342.0,283.0,353.0,305.0,362.0,337.0,360.0,380.0,386.0,299.0,393.0,320.0,396.0,349.0,391.0,0
414.0,401.0,394.0,339.0,354.0,271.0,336.0,219.0,349.0,175.0,357.0,268.0,293.0,243.0,249.0,226.0,212.0,213.0,354.0,305.0,249.0,304.0,265.0,320.0,294.0,323.0,349.0,349.0,255.0,355.0,280.0,364.0,312.0,361.0,343.0,392.0,269.0,394.0,290.0,399.0,321.0,396.0,0
414.0,420.0,382.0,351.0,356.0,275.0,348.0,219.0,365.0,170.0,395.0,273.0,367.0,244.0,358.0,217.0,355.0,191.0,407.0,307.0,300.0,307.0,310.0,324.0,338.0,330.0,408.0,351.0,298.0,360.0,319.0,368.0,353.0,368.0,404.0,395.0,316.0,402.0,333.0,403.0,363.0,396.0,0
372.0,431.0,343.0,349.0,339.0,268.0,350.0,213.0,373.0,167.0,398.0,282.0,388.0,250.0,393.0,219.0,405.0,188.0,417.0,319.0,315.0,304.0,311.0,315.0,332.0,318.0,418.0,365.0,308.0,358.0,315.0,364.0,347.0,363.0,407.0,409.0,320.0,404.0,328.0,404.0,358.0,400.0,0
323.0,402.0,304.0,331.0,318.0,257.0,337.0,206.0,358.0,165.0,390.0,265.0,406.0,226.0,428.0,197.0,452.0,167.0,420.0,298.0,318.0,290.0,307.0,311.0,330.0,315.0,422.0,343.0,316.0,342.0,314.0,349.0,337.0,350.0,409.0,386.0,329.0,384.0,327.0,383.0,347.0,378.0,0
313.0,371.0,298.0,312.0,328.0,247.0,355.0,198.0,379.0,157.0,408.0,260.0,454.0,226.0,490.0,203.0,523.0,182.0,444.0,298.0,363.0,280.0,328.0,301.0,339.0,312.0,443.0,346.0,349.0,336.0,329.0,345.0,347.0,348.0,426.0,389.0,355.0,381.0,336.0,379.0,349.0,376.0,0
304.0,386.0,296.0,330.0,326.0,261.0,355.0,211.0,375.0,169.0,414.0,275.0,472.0,245.0,517.0,224.0,558.0,207.0,450.0,316.0,377.0,302.0,327.0,315.0,333.0,325.0,448.0,365.0,366.0,360.0,332.0,360.0,345.0,361.0,432.0,410.0,364.0,405.0,336.0,401.0,346.0,401.0,0
296.0,379.0,292.0,326.0,327.0,258.0,356.0,206.0,380.0,167.0,420.0,271.0,489.0,243.0,538.0,227.0,581.0,215.0,450.0,312.0,404.0,290.0,345.0,303.0,333.0,316.0,451.0,359.0,391.0,345.0,343.0,349.0,343.0,353.0,440.0,405.0,391.0,392.0,349.0,385.0,344.0,380.0,0
281.0,395.0,279.0,339.0,318.0,267.0,352.0,215.0,375.0,175.0,417.0,284.0,497.0,258.0,551.0,245.0,597.0,234.0,439.0,327.0,417.0,305.0,355.0,315.0,326.0,325.0,441.0,373.0,405.0,359.0,350.0,361.0,329.0,361.0,432.0,420.0,405.0,409.0,360.0,400.0,341.0,393.0,0
299.0,401.0,295.0,347.0,317.0,271.0,333.0,219.0,356.0,176.0,391.0,279.0,434.0,243.0,468.0,218.0,501.0,199.0,431.0,316.0,350.0,319.0,313.0,330.0,318.0,337.0,437.0,364.0,342.0,376.0,318.0,379.0,333.0,380.0,429.0,412.0,352.0,418.0,326.0,416.0,336.0,413.0,0
285.0,399.0,279.0,345.0,309.0,276.0,336.0,223.0,358.0,181.0,398.0,284.0,463.0,252.0,511.0,233.0,553.0,219.0,431.0,324.0,376.0,313.0,321.0,325.0,314.0,333.0,433.0,372.0,362.0,371.0,322.0,372.0,329.0,370.0,421.0,419.0,360.0,418.0,324.0,413.0,325.0,407.0,0
312.0,400.0,303.0,341.0,320.0,263.0,334.0,210.0,350.0,166.0,386.0,272.0,405.0,237.0,423.0,205.0,442.0,181.0,419.0,308.0,321.0,312.0,302.0,323.0,319.0,332.0,419.0,356.0,315.0,364.0,307.0,370.0,329.0,374.0,407.0,402.0,323.0,403.0,315.0,405.0,335.0,408.0,0
328.0,409.0,317.0,351.0,321.0,277.0,327.0,224.0,346.0,174.0,376.0,283.0,361.0,245.0,366.0,213.0,372.0,185.0,402.0,317.0,283.0,321.0,284.0,330.0,310.0,336.0,399.0,364.0,280.0,372.0,296.0,376.0,327.0,378.0,388.0,410.0,298.0,412.0,310.0,414.0,342.0,416.0,0
343.0,406.0,331.0,339.0,325.0,265.0,323.0,215.0,331.0,165.0,375.0,265.0,340.0,235.0,331.0,203.0,329.0,172.0,393.0,296.0,275.0,312.0,275.0,324.0,302.0,325.0,390.0,344.0,274.0,361.0,286.0,367.0,315.0,366.0,381.0,394.0,296.0,403.0,306.0,403.0,334.0,400.0,0
378.0,412.0,359.0,331.0,342.0,250.0,343.0,194.0,356.0,148.0,358.0,246.0,281.0,223.0,241.0,198.0,212.0,178.0,367.0,284.0,254.0,303.0,263.0,311.0,287.0,312.0,365.0,331.0,254.0,350.0,277.0,355.0,310.0,357.0,360.0,376.0,273.0,387.0,292.0,388.0,325.0,386.0,0
375.0,425.0,341.0,350.0,318.0,270.0,315.0,209.0,334.0,162.0,356.0,263.0,313.0,237.0,284.0,213.0,259.0,192.0,372.0,301.0,260.0,312.0,272.0,338.0,299.0,341.0,376.0,348.0,268.0,366.0,287.0,382.0,318.0,376.0,375.0,395.0,286.0,405.0,301.0,410.0,329.0,404.0,0
400.0,403.0,389.0,324.0,350.0,248.0,330.0,194.0,343.0,150.0,339.0,247.0,245.0,223.0,189.0,210.0,143.0,198.0,338.0,285.0,235.0,291.0,254.0,306.0,285.0,308.0,332.0,329.0,236.0,340.0,263.0,350.0,298.0,347.0,327.0,371.0,250.0,379.0,273.0,385.0,306.0,384.0,0
426.0,383.0,415.0,316.0,376.0,252.0,357.0,201.0,368.0,160.0,341.0,252.0,251.0,236.0,196.0,226.0,153.0,220.0,333.0,291.0,251.0,294.0,279.0,305.0,314.0,306.0,329.0,335.0,258.0,339.0,286.0,347.0,318.0,344.0,328.0,375.0,271.0,376.0,294.0,380.0,322.0,378.0,0
424.0,378.0,416.0,319.0,379.0,258.0,354.0,207.0,361.0,163.0,333.0,261.0,238.0,253.0,183.0,249.0,140.0,250.0,322.0,301.0,251.0,306.0,283.0,312.0,319.0,314.0,317.0,345.0,258.0,348.0,287.0,353.0,321.0,355.0,316.0,385.0,270.0,383.0,296.0,386.0,323.0,387.0,0
413.0,396.0,385.0,335.0,338.0,269.0,315.0,217.0,329.0,171.0,347.0,262.0,280.0,240.0,236.0,229.0,199.0,219.0,346.0,296.0,243.0,309.0,266.0,320.0,297.0,319.0,345.0,338.0,253.0,357.0,279.0,362.0,309.0,358.0,341.0,381.0,271.0,391.0,294.0,392.0,321.0,386.0,0
419.0,386.0,401.0,329.0,361.0,263.0,343.0,212.0,358.0,172.0,351.0,264.0,271.0,248.0,220.0,237.0,179.0,229.0,345.0,304.0,253.0,308.0,277.0,320.0,313.0,321.0,341.0,348.0,261.0,355.0,287.0,362.0,319.0,359.0,337.0,389.0,276.0,392.0,300.0,395.0,328.0,392.0,0
400.0,409.0,373.0,343.0,339.0,273.0,325.0,220.0,336.0,170.0,370.0,267.0,332.0,245.0,309.0,228.0,293.0,210.0,376.0,300.0,269.0,310.0,282.0,323.0,312.0,326.0,376.0,344.0,273.0,359.0,295.0,365.0,327.0,361.0,372.0,387.0,292.0,399.0,310.0,400.0,339.0,392.0,0
359.0,417.0,326.0,335.0,312.0,257.0,318.0,204.0,336.0,160.0,366.0,273.0,351.0,251.0,347.0,222.0,349.0,192.0,386.0,310.0,281.0,309.0,279.0,321.0,299.0,321.0,390.0,356.0,277.0,361.0,287.0,367.0,321.0,365.0,384.0,400.0,294.0,404.0,303.0,403.0,335.0,396.0,0
303.0,415.0,266.0,343.0,285.0,264.0,308.0,209.0,328.0,165.0,368.0,271.0,414.0,233.0,447.0,209.0,480.0,191.0,404.0,304.0,336.0,299.0,299.0,314.0,296.0,317.0,413.0,350.0,325.0,358.0,305.0,364.0,320.0,359.0,405.0,392.0,339.0,402.0,321.0,400.0,333.0,392.0,0
306.0,402.0,289.0,336.0,298.0,261.0,309.0,209.0,323.0,163.0,359.0,267.0,374.0,233.0,394.0,206.0,416.0,181.0,394.0,300.0,293.0,304.0,280.0,317.0,304.0,321.0,398.0,346.0,295.0,357.0,296.0,363.0,323.0,363.0,390.0,391.0,311.0,396.0,310.0,398.0,333.0,397.0,0
282.0,376.0,267.0,321.0,298.0,249.0,326.0,195.0,343.0,152.0,388.0,261.0,443.0,241.0,487.0,225.0,523.0,213.0,423.0,297.0,380.0,298.0,326.0,310.0,311.0,314.0,428.0,345.0,373.0,350.0,328.0,352.0,323.0,345.0,419.0,389.0,377.0,395.0,337.0,387.0,328.0,376.0,0
266.0,377.0,256.0,323.0,287.0,250.0,316.0,197.0,334.0,154.0,385.0,261.0,460.0,237.0,513.0,225.0,559.0,216.0,416.0,302.0,380.0,297.0,321.0,307.0,303.0,313.0,420.0,349.0,369.0,350.0,320.0,351.0,312.0,347.0,413.0,394.0,372.0,394.0,329.0,387.0,318.0,378.0,0
242.0,420.0,236.0,362.0,275.0,283.0,308.0,224.0,326.0,178.0,378.0,295.0,468.0,268.0,525.0,255.0,575.0,245.0,388.0,340.0,413.0,317.0,339.0,335.0,301.0,347.0,389.0,390.0,410.0,380.0,334.0,387.0,297.0,385.0,384.0,440.0,406.0,436.0,350.0,432.0,318.0,421.0,0
264.0,408.0,259.0,346.0,297.0,268.0,325.0,210.0,339.0,164.0,402.0,272.0,486.0,245.0,539.0,233.0,584.0,224.0,418.0,316.0,418.0,300.0,350.0,315.0,319.0,325.0,420.0,364.0,410.0,357.0,347.0,363.0,322.0,361.0,414.0,412.0,411.0,406.0,360.0,401.0,337.0,393.0,0
843.0,1553.0,1051.0,1388.0,1168.0,1158.0,1219.0,947.0,1239.0,796.0,1194.0,976.0,1169.0,698.0,1137.0,828.0,1133.0,965.0,1085.0,1000.0,1024.0,707.0,1014.0,902.0,1020.0,1083.0,981.0,1042.0,915.0,787.0,926.0,962.0,945.0,1115.0,876.0,1096.0,807.0,911.0,829.0,999.0,860.0,1098.0,1
678.0,1690.0,878.0,1616.0,1000.0,1462.0,1035.0,1332.0,1098.0,1281.0,988.0,1249.0,989.0,1175.0,946.0,1343.0,925.0,1471.0,858.0,1273.0,850.0,1223.0,825.0,1415.0,818.0,1565.0,743.0,1315.0,726.0,1290.0,723.0,1472.0,724.0,1607.0,631.0,1371.0,626.0,1348.0,643.0,1468.0,663.0,1566.0,1
289.0,381.0,345.0,350.0,386.0,293.0,400.0,243.0,413.0,213.0,365.0,234.0,375.0,208.0,366.0,251.0,359.0,276.0,330.0,237.0,342.0,214.0,336.0,266.0,332.0,291.0,297.0,247.0,307.0,230.0,306.0,280.0,304.0,303.0,263.0,261.0,275.0,247.0,279.0,282.0,280.0,300.0,1
261.0,255.0,297.0,249.0,327.0,219.0,334.0,187.0,345.0,164.0,312.0,189.0,323.0,168.0,314.0,191.0,306.0,213.0,292.0,186.0,304.0,163.0,295.0,192.0,289.0,217.0,273.0,185.0,283.0,168.0,276.0,199.0,272.0,222.0,252.0,187.0,264.0,175.0,261.0,198.0,259.0,216.0,1
259.0,257.0,297.0,249.0,327.0,218.0,334.0,186.0,345.0,163.0,313.0,190.0,323.0,169.0,315.0,191.0,308.0,212.0,293.0,186.0,306.0,164.0,297.0,192.0,290.0,216.0,273.0,185.0,285.0,170.0,277.0,200.0,273.0,222.0,252.0,186.0,265.0,173.0,262.0,198.0,259.0,216.0,1
259.0,259.0,297.0,250.0,326.0,220.0,334.0,187.0,344.0,163.0,312.0,190.0,322.0,170.0,314.0,192.0,306.0,214.0,292.0,187.0,304.0,165.0,295.0,193.0,288.0,218.0,272.0,186.0,283.0,170.0,276.0,201.0,271.0,224.0,250.0,187.0,263.0,174.0,260.0,199.0,257.0,217.0,1
259.0,258.0,298.0,248.0,327.0,218.0,334.0,186.0,344.0,162.0,312.0,188.0,322.0,167.0,313.0,190.0,306.0,212.0,292.0,185.0,304.0,163.0,295.0,191.0,288.0,216.0,272.0,184.0,283.0,169.0,276.0,199.0,272.0,222.0,250.0,185.0,263.0,173.0,260.0,198.0,257.0,216.0,1
277.0,254.0,328.0,237.0,364.0,200.0,374.0,165.0,370.0,139.0,332.0,166.0,345.0,141.0,348.0,156.0,348.0,177.0,306.0,154.0,327.0,132.0,325.0,160.0,320.0,188.0,278.0,146.0,301.0,122.0,298.0,156.0,292.0,187.0,248.0,143.0,275.0,123.0,277.0,151.0,275.0,179.0,1
301.0,248.0,353.0,234.0,399.0,179.0,412.0,133.0,429.0,100.0,372.0,138.0,393.0,111.0,386.0,143.0,377.0,172.0,342.0,132.0,367.0,102.0,356.0,147.0,350.0,184.0,309.0,130.0,337.0,108.0,325.0,159.0,319.0,195.0,274.0,131.0,305.0,116.0,301.0,154.0,296.0,181.0,1
306.0,260.0,361.0,241.0,405.0,202.0,419.0,161.0,424.0,124.0,381.0,150.0,401.0,126.0,394.0,162.0,384.0,194.0,353.0,146.0,378.0,116.0,369.0,161.0,361.0,199.0,325.0,144.0,351.0,124.0,341.0,173.0,332.0,209.0,292.0,146.0,321.0,132.0,317.0,170.0,310.0,198.0,1
242.0,259.0,297.0,243.0,336.0,201.0,351.0,157.0,366.0,126.0,323.0,162.0,336.0,126.0,323.0,159.0,312.0,189.0,296.0,156.0,309.0,117.0,297.0,160.0,290.0,192.0,269.0,157.0,281.0,126.0,272.0,171.0,268.0,201.0,241.0,163.0,255.0,140.0,252.0,171.0,248.0,194.0,1
233.0,262.0,284.0,246.0,323.0,212.0,334.0,172.0,345.0,142.0,307.0,171.0,317.0,147.0,306.0,175.0,298.0,203.0,281.0,166.0,296.0,135.0,285.0,174.0,278.0,208.0,255.0,165.0,269.0,142.0,261.0,184.0,256.0,214.0,228.0,168.0,244.0,152.0,240.0,183.0,237.0,206.0,1
251.0,262.0,300.0,249.0,338.0,218.0,351.0,181.0,360.0,150.0,324.0,180.0,333.0,156.0,321.0,182.0,310.0,208.0,299.0,174.0,312.0,151.0,298.0,187.0,289.0,215.0,274.0,171.0,288.0,149.0,278.0,187.0,271.0,215.0,246.0,173.0,262.0,157.0,258.0,186.0,254.0,208.0,1
279.0,260.0,326.0,252.0,362.0,221.0,375.0,184.0,389.0,158.0,350.0,184.0,365.0,162.0,356.0,186.0,345.0,210.0,327.0,179.0,347.0,152.0,335.0,186.0,325.0,215.0,304.0,176.0,323.0,154.0,312.0,191.0,303.0,218.0,277.0,176.0,298.0,162.0,292.0,190.0,286.0,211.0,1
289.0,381.0,345.0,350.0,386.0,293.0,400.0,243.0,413.0,213.0,365.0,234.0,375.0,208.0,366.0,251.0,359.0,276.0,330.0,237.0,342.0,214.0,336.0,266.0,332.0,291.0,297.0,247.0,307.0,230.0,306.0,280.0,304.0,303.0,263.0,261.0,275.0,247.0,279.0,282.0,280.0,300.0,1
144.0,228.0,215.0,211.0,268.0,151.0,283.0,90.0,301.0,44.0,239.0,91.0,256.0,47.0,240.0,91.0,227.0,134.0,199.0,85.0,215.0,42.0,203.0,99.0,197.0,148.0,159.0,86.0,173.0,54.0,167.0,117.0,166.0,162.0,117.0,94.0,133.0,70.0,136.0,118.0,138.0,153.0,1
139.0,237.0,210.0,211.0,260.0,148.0,269.0,85.0,284.0,37.0,231.0,90.0,241.0,50.0,228.0,100.0,219.0,144.0,188.0,87.0,200.0,45.0,191.0,108.0,185.0,158.0,147.0,90.0,156.0,58.0,154.0,124.0,155.0,170.0,104.0,98.0,117.0,75.0,125.0,124.0,130.0,158.0,1
163.0,258.0,232.0,229.0,279.0,173.0,289.0,118.0,305.0,76.0,250.0,116.0,259.0,84.0,247.0,126.0,238.0,166.0,209.0,112.0,221.0,81.0,212.0,137.0,209.0,183.0,172.0,115.0,183.0,98.0,181.0,153.0,182.0,193.0,134.0,123.0,149.0,109.0,153.0,151.0,157.0,181.0,1
240.0,262.0,316.0,221.0,362.0,152.0,374.0,93.0,396.0,50.0,342.0,94.0,366.0,66.0,355.0,108.0,342.0,142.0,305.0,82.0,334.0,54.0,319.0,114.0,310.0,160.0,264.0,79.0,296.0,62.0,283.0,128.0,274.0,176.0,217.0,81.0,253.0,73.0,250.0,124.0,247.0,160.0,1
282.0,252.0,363.0,223.0,424.0,146.0,446.0,77.0,475.0,29.0,394.0,82.0,423.0,46.0,409.0,100.0,392.0,144.0,350.0,75.0,382.0,42.0,363.0,113.0,350.0,168.0,306.0,75.0,337.0,59.0,321.0,131.0,313.0,181.0,258.0,80.0,293.0,69.0,289.0,124.0,285.0,161.0,1
284.0,248.0,351.0,212.0,392.0,163.0,407.0,114.0,427.0,79.0,375.0,115.0,389.0,85.0,380.0,121.0,370.0,155.0,343.0,112.0,364.0,80.0,356.0,127.0,347.0,169.0,311.0,112.0,332.0,93.0,326.0,140.0,318.0,176.0,276.0,115.0,296.0,102.0,299.0,136.0,296.0,162.0,1
282.0,224.0,334.0,198.0,367.0,162.0,380.0,125.0,393.0,97.0,359.0,126.0,368.0,103.0,357.0,130.0,347.0,156.0,332.0,122.0,345.0,97.0,335.0,132.0,327.0,165.0,307.0,121.0,319.0,105.0,312.0,139.0,305.0,167.0,280.0,123.0,294.0,109.0,293.0,135.0,289.0,156.0,1
215.0,223.0,264.0,213.0,294.0,181.0,302.0,146.0,313.0,123.0,283.0,148.0,284.0,124.0,271.0,148.0,260.0,170.0,258.0,144.0,262.0,121.0,249.0,153.0,240.0,178.0,238.0,146.0,238.0,132.0,229.0,162.0,226.0,184.0,219.0,151.0,219.0,137.0,213.0,159.0,213.0,176.0,1
246.0,222.0,284.0,210.0,311.0,188.0,322.0,164.0,335.0,146.0,305.0,161.0,315.0,147.0,305.0,163.0,295.0,179.0,287.0,156.0,300.0,142.0,289.0,164.0,281.0,184.0,269.0,153.0,280.0,145.0,271.0,168.0,265.0,186.0,249.0,152.0,262.0,145.0,259.0,163.0,255.0,178.0,1
272.0,212.0,307.0,202.0,333.0,183.0,342.0,157.0,354.0,139.0,326.0,156.0,336.0,140.0,327.0,157.0,319.0,174.0,310.0,151.0,322.0,134.0,312.0,156.0,305.0,176.0,293.0,148.0,304.0,139.0,295.0,162.0,289.0,180.0,275.0,147.0,289.0,140.0,285.0,159.0,280.0,173.0,1
289.0,381.0,345.0,350.0,386.0,293.0,400.0,243.0,413.0,213.0,365.0,234.0,375.0,208.0,366.0,251.0,359.0,276.0,330.0,237.0,342.0,214.0,336.0,266.0,332.0,291.0,297.0,247.0,307.0,230.0,306.0,280.0,304.0,303.0,263.0,261.0,275.0,247.0,279.0,282.0,280.0,300.0,1
219.0,208.0,253.0,202.0,278.0,179.0,284.0,153.0,294.0,134.0,267.0,153.0,277.0,136.0,269.0,154.0,261.0,171.0,249.0,150.0,260.0,132.0,253.0,155.0,247.0,175.0,233.0,149.0,242.0,137.0,236.0,161.0,233.0,180.0,214.0,151.0,226.0,139.0,224.0,159.0,221.0,174.0,1
243.0,206.0,277.0,198.0,304.0,169.0,312.0,139.0,322.0,117.0,290.0,137.0,299.0,120.0,292.0,141.0,286.0,160.0,272.0,134.0,282.0,116.0,275.0,143.0,270.0,165.0,253.0,134.0,263.0,121.0,257.0,149.0,254.0,170.0,233.0,136.0,245.0,126.0,243.0,148.0,242.0,165.0,1
247.0,195.0,289.0,191.0,326.0,152.0,337.0,113.0,349.0,85.0,309.0,114.0,321.0,93.0,313.0,118.0,304.0,141.0,283.0,107.0,297.0,85.0,288.0,120.0,282.0,148.0,258.0,104.0,271.0,91.0,264.0,129.0,260.0,156.0,230.0,104.0,247.0,93.0,245.0,123.0,244.0,145.0,1
225.0,178.0,277.0,176.0,324.0,129.0,336.0,82.0,347.0,53.0,306.0,80.0,318.0,51.0,307.0,82.0,298.0,110.0,273.0,68.0,290.0,38.0,280.0,83.0,272.0,120.0,240.0,64.0,255.0,43.0,246.0,96.0,240.0,131.0,205.0,68.0,222.0,52.0,220.0,89.0,219.0,116.0,1
201.0,217.0,254.0,209.0,300.0,156.0,313.0,104.0,330.0,67.0,278.0,102.0,292.0,75.0,279.0,116.0,267.0,152.0,243.0,96.0,261.0,73.0,249.0,124.0,241.0,164.0,210.0,97.0,224.0,86.0,218.0,140.0,215.0,175.0,174.0,101.0,192.0,96.0,194.0,136.0,195.0,162.0,1
239.0,246.0,298.0,236.0,348.0,171.0,364.0,113.0,384.0,73.0,344.0,108.0,361.0,69.0,350.0,112.0,337.0,148.0,303.0,98.0,319.0,62.0,307.0,127.0,300.0,174.0,260.0,98.0,277.0,78.0,266.0,148.0,260.0,191.0,213.0,100.0,238.0,86.0,235.0,138.0,232.0,173.0,1
246.0,255.0,329.0,241.0,391.0,167.0,409.0,100.0,434.0,52.0,362.0,105.0,384.0,63.0,369.0,114.0,352.0,160.0,318.0,98.0,341.0,56.0,325.0,123.0,315.0,179.0,274.0,98.0,297.0,73.0,284.0,142.0,276.0,192.0,227.0,99.0,256.0,80.0,253.0,133.0,249.0,170.0,1
246.0,279.0,321.0,251.0,374.0,191.0,389.0,130.0,412.0,87.0,348.0,132.0,370.0,94.0,357.0,139.0,346.0,181.0,308.0,128.0,335.0,89.0,322.0,148.0,314.0,199.0,269.0,128.0,294.0,104.0,282.0,167.0,276.0,212.0,228.0,134.0,257.0,115.0,254.0,162.0,249.0,197.0,1
224.0,291.0,296.0,268.0,344.0,219.0,361.0,169.0,375.0,130.0,322.0,161.0,339.0,129.0,327.0,168.0,316.0,205.0,285.0,157.0,307.0,124.0,295.0,176.0,286.0,222.0,250.0,157.0,268.0,141.0,261.0,193.0,256.0,231.0,214.0,162.0,235.0,147.0,234.0,186.0,231.0,216.0,1
185.0,241.0,262.0,226.0,315.0,163.0,326.0,100.0,347.0,58.0,289.0,103.0,303.0,60.0,295.0,103.0,285.0,143.0,250.0,100.0,268.0,54.0,258.0,110.0,250.0,155.0,213.0,102.0,227.0,70.0,220.0,131.0,217.0,172.0,173.0,110.0,190.0,82.0,189.0,126.0,189.0,158.0,1
183.0,240.0,256.0,223.0,310.0,169.0,323.0,108.0,339.0,63.0,287.0,115.0,303.0,71.0,288.0,110.0,275.0,150.0,248.0,109.0,266.0,61.0,251.0,115.0,241.0,164.0,211.0,109.0,223.0,78.0,213.0,137.0,209.0,180.0,171.0,114.0,188.0,89.0,185.0,135.0,185.0,169.0,1
165.0,238.0,239.0,219.0,288.0,163.0,299.0,102.0,315.0,59.0,259.0,107.0,276.0,64.0,266.0,105.0,257.0,146.0,220.0,103.0,239.0,59.0,231.0,114.0,225.0,162.0,182.0,104.0,201.0,76.0,193.0,137.0,189.0,180.0,142.0,108.0,164.0,92.0,163.0,138.0,164.0,171.0,1
289.0,381.0,345.0,350.0,386.0,293.0,400.0,243.0,413.0,213.0,365.0,234.0,375.0,208.0,366.0,251.0,359.0,276.0,330.0,237.0,342.0,214.0,336.0,266.0,332.0,291.0,297.0,247.0,307.0,230.0,306.0,280.0,304.0,303.0,263.0,261.0,275.0,247.0,279.0,282.0,280.0,300.0,1
210.0,350.0,238.0,344.0,263.0,316.0,268.0,284.0,275.0,266.0,250.0,285.0,251.0,268.0,248.0,294.0,249.0,300.0,232.0,284.0,233.0,268.0,233.0,297.0,232.0,300.0,214.0,288.0,215.0,272.0,218.0,299.0,218.0,304.0,195.0,292.0,198.0,282.0,202.0,300.0,203.0,306.0,1
649.0,1355.0,791.0,1325.0,918.0,1219.0,979.0,1097.0,1004.0,1004.0,873.0,1080.0,869.0,1008.0,852.0,1077.0,855.0,1099.0,778.0,1026.0,774.0,951.0,763.0,1067.0,784.0,1097.0,688.0,993.0,676.0,928.0,679.0,1051.0,703.0,1087.0,597.0,980.0,594.0,936.0,605.0,1029.0,630.0,1061.0,1
192.0,364.0,231.0,345.0,259.0,313.0,271.0,282.0,280.0,261.0,255.0,279.0,263.0,259.0,258.0,284.0,255.0,295.0,235.0,281.0,242.0,264.0,240.0,292.0,238.0,301.0,215.0,286.0,222.0,273.0,221.0,299.0,219.0,309.0,194.0,293.0,202.0,284.0,204.0,303.0,202.0,311.0,1
208.0,343.0,240.0,328.0,262.0,301.0,268.0,270.0,274.0,251.0,253.0,266.0,255.0,246.0,253.0,271.0,253.0,281.0,235.0,268.0,238.0,249.0,239.0,278.0,239.0,285.0,218.0,272.0,221.0,255.0,224.0,283.0,223.0,290.0,199.0,278.0,204.0,265.0,208.0,284.0,208.0,291.0,1
213.0,340.0,243.0,328.0,264.0,301.0,269.0,270.0,276.0,252.0,254.0,274.0,254.0,253.0,252.0,278.0,252.0,285.0,237.0,274.0,237.0,256.0,238.0,283.0,238.0,286.0,221.0,277.0,222.0,260.0,224.0,286.0,224.0,292.0,204.0,282.0,207.0,269.0,210.0,287.0,210.0,293.0,1
208.0,342.0,236.0,331.0,258.0,305.0,262.0,276.0,268.0,258.0,245.0,279.0,246.0,261.0,244.0,285.0,244.0,291.0,229.0,278.0,229.0,262.0,230.0,289.0,230.0,293.0,213.0,282.0,214.0,267.0,217.0,292.0,216.0,299.0,196.0,287.0,199.0,276.0,203.0,293.0,204.0,299.0,1
200.0,345.0,229.0,338.0,251.0,311.0,255.0,279.0,263.0,261.0,239.0,283.0,238.0,264.0,237.0,287.0,238.0,295.0,222.0,283.0,220.0,265.0,221.0,292.0,222.0,297.0,205.0,286.0,204.0,270.0,208.0,296.0,209.0,302.0,188.0,290.0,189.0,280.0,193.0,298.0,195.0,303.0,1
204.0,348.0,233.0,340.0,254.0,313.0,258.0,284.0,264.0,265.0,242.0,287.0,242.0,268.0,241.0,291.0,241.0,299.0,226.0,287.0,225.0,270.0,227.0,295.0,227.0,300.0,211.0,290.0,211.0,275.0,214.0,299.0,214.0,305.0,194.0,295.0,196.0,284.0,200.0,300.0,201.0,306.0,1
187.0,334.0,218.0,329.0,241.0,300.0,247.0,270.0,252.0,251.0,225.0,269.0,231.0,252.0,229.0,276.0,227.0,285.0,208.0,269.0,212.0,253.0,213.0,279.0,211.0,286.0,191.0,273.0,194.0,258.0,198.0,283.0,197.0,291.0,173.0,279.0,178.0,267.0,182.0,283.0,181.0,291.0,1
186.0,321.0,216.0,312.0,241.0,285.0,246.0,252.0,255.0,232.0,229.0,253.0,229.0,234.0,226.0,260.0,227.0,266.0,210.0,251.0,209.0,233.0,209.0,262.0,210.0,266.0,192.0,254.0,191.0,237.0,193.0,265.0,195.0,271.0,173.0,258.0,173.0,247.0,177.0,265.0,180.0,270.0,1
187.0,323.0,217.0,315.0,243.0,286.0,249.0,252.0,257.0,232.0,230.0,254.0,230.0,233.0,228.0,260.0,228.0,267.0,212.0,253.0,211.0,234.0,212.0,263.0,212.0,267.0,194.0,256.0,194.0,239.0,197.0,267.0,197.0,273.0,175.0,261.0,177.0,249.0,181.0,268.0,182.0,273.0,1
190.0,331.0,223.0,322.0,249.0,294.0,255.0,261.0,263.0,241.0,236.0,262.0,237.0,243.0,233.0,269.0,234.0,276.0,217.0,261.0,217.0,242.0,216.0,271.0,217.0,275.0,199.0,264.0,199.0,246.0,201.0,275.0,202.0,280.0,180.0,268.0,182.0,257.0,186.0,275.0,188.0,280.0,1
186.0,333.0,216.0,323.0,242.0,295.0,248.0,262.0,257.0,242.0,231.0,263.0,230.0,244.0,227.0,271.0,228.0,278.0,212.0,262.0,210.0,244.0,210.0,274.0,211.0,278.0,194.0,265.0,193.0,249.0,195.0,278.0,197.0,284.0,175.0,269.0,176.0,259.0,180.0,278.0,182.0,284.0,1
178.0,332.0,208.0,323.0,233.0,294.0,237.0,261.0,246.0,241.0,222.0,262.0,220.0,243.0,218.0,270.0,218.0,277.0,203.0,262.0,201.0,243.0,202.0,274.0,202.0,277.0,185.0,265.0,184.0,248.0,187.0,276.0,187.0,282.0,166.0,269.0,166.0,257.0,171.0,276.0,173.0,282.0,1
181.0,337.0,213.0,328.0,238.0,300.0,244.0,268.0,251.0,248.0,226.0,269.0,226.0,250.0,223.0,276.0,224.0,283.0,207.0,268.0,207.0,250.0,207.0,278.0,207.0,282.0,190.0,271.0,190.0,254.0,192.0,281.0,193.0,287.0,172.0,275.0,174.0,264.0,177.0,282.0,178.0,287.0,1
198.0,335.0,229.0,329.0,256.0,300.0,262.0,266.0,269.0,247.0,244.0,268.0,245.0,249.0,242.0,275.0,242.0,282.0,226.0,267.0,225.0,249.0,226.0,278.0,226.0,281.0,207.0,270.0,208.0,253.0,210.0,280.0,210.0,285.0,188.0,273.0,190.0,262.0,194.0,281.0,194.0,285.0,1
208.0,334.0,239.0,328.0,265.0,300.0,270.0,267.0,279.0,248.0,253.0,268.0,254.0,250.0,250.0,275.0,250.0,282.0,234.0,266.0,234.0,248.0,234.0,277.0,234.0,281.0,216.0,269.0,217.0,253.0,219.0,281.0,219.0,286.0,197.0,272.0,200.0,261.0,203.0,281.0,204.0,286.0,1
289.0,381.0,345.0,350.0,386.0,293.0,400.0,243.0,413.0,213.0,365.0,234.0,375.0,208.0,366.0,251.0,359.0,276.0,330.0,237.0,342.0,214.0,336.0,266.0,332.0,291.0,297.0,247.0,307.0,230.0,306.0,280.0,304.0,303.0,263.0,261.0,275.0,247.0,279.0,282.0,280.0,300.0,1
188.0,267.0,235.0,259.0,275.0,226.0,290.0,190.0,308.0,164.0,266.0,174.0,276.0,172.0,259.0,202.0,245.0,227.0,241.0,160.0,248.0,169.0,233.0,204.0,223.0,232.0,216.0,154.0,219.0,173.0,209.0,208.0,205.0,234.0,189.0,154.0,194.0,174.0,191.0,202.0,190.0,221.0,1
835.0,1189.0,922.0,1123.0,971.0,987.0,1001.0,847.0,1060.0,790.0,954.0,851.0,963.0,743.0,958.0,820.0,960.0,845.0,893.0,842.0,895.0,767.0,909.0,886.0,930.0,902.0,834.0,853.0,841.0,809.0,863.0,916.0,886.0,931.0,777.0,868.0,791.0,836.0,816.0,913.0,842.0,933.0,1
192.0,273.0,246.0,252.0,286.0,220.0,297.0,187.0,310.0,157.0,277.0,173.0,279.0,166.0,260.0,194.0,243.0,220.0,252.0,160.0,253.0,166.0,236.0,198.0,222.0,224.0,228.0,157.0,227.0,168.0,216.0,198.0,208.0,222.0,202.0,160.0,203.0,168.0,197.0,192.0,192.0,210.0,1
195.0,268.0,243.0,256.0,279.0,226.0,290.0,194.0,306.0,169.0,270.0,173.0,277.0,176.0,264.0,203.0,252.0,226.0,245.0,160.0,250.0,176.0,237.0,209.0,227.0,236.0,220.0,155.0,221.0,181.0,214.0,212.0,211.0,236.0,194.0,157.0,198.0,180.0,196.0,207.0,197.0,224.0,1
185.0,244.0,232.0,236.0,266.0,202.0,275.0,165.0,284.0,136.0,251.0,164.0,260.0,140.0,248.0,167.0,238.0,191.0,226.0,158.0,236.0,135.0,225.0,168.0,217.0,197.0,203.0,157.0,210.0,138.0,202.0,174.0,198.0,201.0,179.0,159.0,188.0,142.0,185.0,170.0,184.0,191.0,1
174.0,239.0,223.0,230.0,258.0,202.0,267.0,165.0,276.0,136.0,245.0,169.0,254.0,141.0,243.0,162.0,234.0,184.0,222.0,162.0,232.0,135.0,221.0,164.0,212.0,191.0,200.0,158.0,209.0,136.0,199.0,168.0,193.0,194.0,177.0,157.0,187.0,141.0,182.0,166.0,179.0,187.0,1
165.0,239.0,211.0,231.0,246.0,201.0,255.0,163.0,263.0,134.0,231.0,166.0,239.0,140.0,230.0,163.0,221.0,187.0,207.0,161.0,216.0,135.0,207.0,167.0,200.0,196.0,184.0,159.0,192.0,139.0,184.0,174.0,180.0,200.0,161.0,160.0,170.0,143.0,167.0,169.0,165.0,191.0,1
198.0,243.0,249.0,233.0,289.0,198.0,303.0,160.0,318.0,132.0,274.0,162.0,289.0,140.0,277.0,165.0,267.0,188.0,251.0,155.0,267.0,132.0,252.0,166.0,242.0,195.0,227.0,151.0,240.0,136.0,227.0,172.0,220.0,199.0,201.0,149.0,217.0,136.0,209.0,166.0,204.0,188.0,1
229.0,240.0,286.0,228.0,332.0,192.0,347.0,150.0,363.0,118.0,315.0,148.0,333.0,124.0,321.0,153.0,309.0,178.0,289.0,138.0,311.0,112.0,294.0,152.0,282.0,184.0,263.0,132.0,283.0,115.0,265.0,158.0,255.0,188.0,232.0,128.0,255.0,115.0,246.0,148.0,238.0,171.0,1
217.0,213.0,274.0,203.0,319.0,153.0,333.0,102.0,351.0,65.0,299.0,105.0,317.0,73.0,307.0,109.0,295.0,141.0,267.0,100.0,287.0,69.0,275.0,117.0,265.0,155.0,237.0,100.0,256.0,80.0,243.0,131.0,236.0,166.0,204.0,104.0,226.0,88.0,220.0,125.0,216.0,151.0,1
235.0,212.0,295.0,198.0,342.0,162.0,357.0,118.0,371.0,83.0,325.0,118.0,346.0,90.0,332.0,122.0,317.0,152.0,297.0,110.0,321.0,81.0,304.0,121.0,290.0,155.0,269.0,104.0,292.0,85.0,276.0,127.0,264.0,159.0,239.0,102.0,264.0,86.0,255.0,120.0,246.0,147.0,1
248.0,198.0,304.0,186.0,346.0,152.0,361.0,110.0,375.0,77.0,331.0,110.0,344.0,83.0,331.0,111.0,318.0,139.0,305.0,103.0,322.0,76.0,306.0,112.0,293.0,145.0,279.0,98.0,296.0,79.0,281.0,117.0,270.0,148.0,251.0,98.0,270.0,80.0,263.0,110.0,255.0,134.0,1
272.0,182.0,320.0,172.0,357.0,146.0,371.0,112.0,385.0,86.0,348.0,111.0,361.0,88.0,349.0,109.0,336.0,132.0,326.0,104.0,340.0,81.0,326.0,112.0,314.0,140.0,305.0,100.0,318.0,83.0,306.0,115.0,298.0,139.0,282.0,99.0,297.0,83.0,291.0,108.0,285.0,128.0,1
274.0,189.0,316.0,180.0,348.0,158.0,361.0,128.0,373.0,106.0,340.0,128.0,352.0,109.0,343.0,128.0,333.0,148.0,321.0,122.0,335.0,104.0,324.0,130.0,314.0,153.0,302.0,118.0,316.0,103.0,305.0,130.0,295.0,151.0,281.0,116.0,296.0,102.0,291.0,123.0,285.0,141.0,1
250.0,179.0,271.0,182.0,285.0,166.0,289.0,141.0,298.0,123.0,293.0,139.0,288.0,122.0,274.0,137.0,263.0,155.0,283.0,135.0,279.0,121.0,265.0,139.0,255.0,154.0,274.0,134.0,270.0,124.0,259.0,139.0,252.0,152.0,265.0,137.0,264.0,127.0,258.0,137.0,255.0,145.0,1
281.0,196.0,303.0,183.0,317.0,163.0,324.0,146.0,330.0,133.0,316.0,149.0,327.0,137.0,327.0,146.0,325.0,156.0,307.0,144.0,321.0,135.0,316.0,151.0,312.0,165.0,296.0,141.0,311.0,133.0,306.0,151.0,301.0,167.0,282.0,139.0,298.0,131.0,298.0,146.0,294.0,160.0,1
282.0,206.0,308.0,206.0,336.0,178.0,344.0,150.0,353.0,130.0,322.0,152.0,334.0,137.0,326.0,156.0,319.0,173.0,305.0,149.0,318.0,132.0,310.0,157.0,303.0,178.0,287.0,147.0,301.0,134.0,293.0,162.0,286.0,182.0,268.0,146.0,283.0,135.0,280.0,156.0,276.0,173.0,1
903.0,866.0,978.0,864.0,1038.0,849.0,1070.0,862.0,1112.0,896.0,1064.0,713.0,1097.0,720.0,1100.0,844.0,1102.0,932.0,961.0,707.0,984.0,779.0,1013.0,942.0,1037.0,1043.0,870.0,731.0,887.0,827.0,935.0,971.0,974.0,1058.0,801.0,779.0,820.0,859.0,870.0,963.0,910.0,1029.0,1
289.0,381.0,345.0,350.0,386.0,293.0,400.0,243.0,413.0,213.0,365.0,234.0,375.0,208.0,366.0,251.0,359.0,276.0,330.0,237.0,342.0,214.0,336.0,266.0,332.0,291.0,297.0,247.0,307.0,230.0,306.0,280.0,304.0,303.0,263.0,261.0,275.0,247.0,279.0,282.0,280.0,300.0,1
199.0,226.0,285.0,217.0,356.0,155.0,377.0,87.0,402.0,40.0,331.0,87.0,360.0,45.0,338.0,90.0,314.0,138.0,287.0,74.0,319.0,32.0,294.0,92.0,274.0,148.0,243.0,66.0,272.0,39.0,247.0,107.0,230.0,157.0,196.0,63.0,228.0,45.0,214.0,99.0,202.0,138.0,1
221.0,285.0,269.0,260.0,307.0,221.0,320.0,178.0,316.0,145.0,307.0,159.0,326.0,113.0,321.0,129.0,317.0,148.0,273.0,160.0,282.0,132.0,272.0,178.0,263.0,217.0,241.0,164.0,251.0,145.0,247.0,186.0,240.0,219.0,210.0,170.0,221.0,156.0,225.0,185.0,225.0,209.0,1
233.0,277.0,284.0,245.0,316.0,204.0,320.0,162.0,322.0,129.0,298.0,167.0,306.0,140.0,300.0,170.0,294.0,196.0,270.0,167.0,282.0,139.0,277.0,178.0,272.0,212.0,245.0,169.0,257.0,149.0,255.0,186.0,250.0,216.0,218.0,173.0,230.0,158.0,233.0,183.0,232.0,204.0,1
234.0,266.0,278.0,242.0,308.0,204.0,312.0,166.0,311.0,135.0,284.0,170.0,294.0,148.0,288.0,174.0,282.0,198.0,260.0,170.0,274.0,144.0,268.0,178.0,264.0,209.0,236.0,171.0,251.0,153.0,248.0,189.0,244.0,216.0,211.0,176.0,228.0,160.0,229.0,187.0,226.0,208.0,1
227.0,259.0,269.0,243.0,300.0,206.0,303.0,167.0,305.0,135.0,278.0,174.0,287.0,149.0,282.0,176.0,277.0,202.0,253.0,173.0,265.0,147.0,261.0,181.0,258.0,210.0,229.0,174.0,243.0,154.0,239.0,192.0,236.0,219.0,203.0,177.0,220.0,161.0,221.0,189.0,219.0,211.0,1
231.0,261.0,273.0,245.0,302.0,207.0,304.0,168.0,308.0,137.0,279.0,175.0,288.0,151.0,285.0,177.0,282.0,203.0,255.0,174.0,269.0,147.0,265.0,181.0,262.0,212.0,232.0,175.0,247.0,155.0,243.0,193.0,241.0,222.0,207.0,179.0,223.0,163.0,223.0,192.0,221.0,215.0,1
239.0,259.0,281.0,243.0,311.0,207.0,314.0,170.0,319.0,140.0,289.0,175.0,298.0,151.0,293.0,176.0,289.0,201.0,265.0,173.0,277.0,148.0,273.0,181.0,269.0,211.0,242.0,174.0,255.0,154.0,251.0,191.0,248.0,219.0,216.0,179.0,233.0,162.0,233.0,190.0,231.0,213.0,1
235.0,257.0,279.0,242.0,310.0,205.0,313.0,167.0,319.0,137.0,286.0,172.0,296.0,149.0,292.0,176.0,288.0,202.0,263.0,170.0,277.0,145.0,272.0,178.0,268.0,208.0,239.0,171.0,254.0,151.0,250.0,189.0,246.0,218.0,212.0,174.0,230.0,160.0,230.0,190.0,228.0,213.0,1
188.0,261.0,237.0,243.0,267.0,204.0,266.0,165.0,271.0,136.0,242.0,174.0,248.0,148.0,242.0,173.0,238.0,198.0,219.0,173.0,226.0,146.0,220.0,178.0,216.0,206.0,197.0,175.0,203.0,153.0,198.0,189.0,196.0,214.0,174.0,180.0,180.0,163.0,179.0,189.0,179.0,208.0,1
179.0,255.0,226.0,240.0,258.0,201.0,260.0,160.0,265.0,127.0,233.0,166.0,241.0,141.0,234.0,169.0,229.0,196.0,207.0,164.0,218.0,138.0,211.0,173.0,208.0,205.0,182.0,165.0,192.0,145.0,188.0,184.0,187.0,213.0,155.0,170.0,167.0,155.0,167.0,185.0,167.0,208.0,1
220.0,272.0,258.0,250.0,281.0,214.0,287.0,180.0,299.0,157.0,267.0,187.0,276.0,166.0,273.0,188.0,272.0,207.0,245.0,187.0,257.0,165.0,255.0,195.0,254.0,219.0,225.0,189.0,239.0,179.0,238.0,210.0,237.0,231.0,204.0,193.0,218.0,187.0,221.0,211.0,222.0,226.0,1
172.0,243.0,227.0,224.0,247.0,182.0,250.0,138.0,254.0,106.0,237.0,172.0,236.0,137.0,229.0,150.0,224.0,168.0,213.0,171.0,215.0,144.0,210.0,163.0,205.0,181.0,191.0,172.0,193.0,149.0,191.0,167.0,190.0,183.0,172.0,175.0,170.0,151.0,169.0,161.0,170.0,170.0,1
194.0,245.0,241.0,231.0,277.0,182.0,282.0,135.0,284.0,101.0,249.0,142.0,258.0,116.0,252.0,149.0,246.0,180.0,218.0,140.0,230.0,113.0,228.0,156.0,224.0,191.0,189.0,143.0,202.0,123.0,201.0,168.0,198.0,201.0,159.0,150.0,174.0,135.0,176.0,169.0,176.0,194.0,1
215.0,250.0,267.0,232.0,304.0,185.0,307.0,138.0,309.0,99.0,274.0,142.0,287.0,116.0,282.0,147.0,276.0,179.0,244.0,141.0,261.0,112.0,255.0,154.0,251.0,192.0,215.0,143.0,232.0,121.0,228.0,167.0,225.0,201.0,182.0,147.0,203.0,131.0,204.0,166.0,201.0,193.0,1
227.0,250.0,280.0,229.0,317.0,183.0,320.0,137.0,321.0,99.0,286.0,143.0,297.0,116.0,292.0,149.0,287.0,180.0,257.0,142.0,271.0,113.0,265.0,156.0,261.0,193.0,227.0,144.0,243.0,122.0,239.0,167.0,236.0,202.0,195.0,150.0,216.0,130.0,216.0,165.0,214.0,192.0,1
217.0,271.0,256.0,250.0,279.0,213.0,282.0,177.0,290.0,152.0,266.0,187.0,271.0,160.0,268.0,184.0,265.0,208.0,242.0,188.0,250.0,163.0,246.0,194.0,245.0,222.0,221.0,191.0,229.0,178.0,227.0,210.0,226.0,233.0,199.0,195.0,209.0,188.0,210.0,212.0,210.0,229.0,1
213.0,265.0,253.0,250.0,278.0,211.0,280.0,173.0,288.0,147.0,260.0,181.0,267.0,156.0,264.0,184.0,261.0,209.0,237.0,182.0,246.0,157.0,244.0,189.0,243.0,216.0,215.0,184.0,226.0,173.0,225.0,208.0,224.0,232.0,192.0,189.0,206.0,184.0,208.0,211.0,208.0,228.0,1
212.0,265.0,252.0,252.0,279.0,210.0,281.0,171.0,287.0,143.0,255.0,179.0,266.0,154.0,264.0,181.0,261.0,207.0,232.0,179.0,246.0,154.0,245.0,187.0,243.0,215.0,210.0,181.0,225.0,169.0,224.0,206.0,223.0,231.0,187.0,187.0,204.0,182.0,206.0,211.0,206.0,229.0,1
201.0,263.0,242.0,248.0,270.0,204.0,272.0,164.0,280.0,135.0,246.0,171.0,255.0,145.0,253.0,172.0,251.0,198.0,220.0,172.0,233.0,145.0,232.0,180.0,232.0,210.0,196.0,176.0,211.0,162.0,211.0,201.0,211.0,228.0,170.0,183.0,189.0,176.0,192.0,206.0,193.0,226.0,1
187.0,261.0,233.0,245.0,263.0,206.0,263.0,165.0,264.0,134.0,241.0,175.0,247.0,146.0,241.0,172.0,236.0,198.0,216.0,174.0,223.0,143.0,219.0,178.0,216.0,207.0,191.0,175.0,199.0,149.0,198.0,187.0,197.0,215.0,164.0,181.0,176.0,161.0,178.0,190.0,178.0,212.0,1
177.0,249.0,224.0,233.0,251.0,187.0,250.0,142.0,256.0,110.0,226.0,156.0,232.0,127.0,230.0,156.0,227.0,184.0,199.0,156.0,207.0,126.0,206.0,165.0,206.0,196.0,172.0,160.0,181.0,138.0,183.0,180.0,184.0,209.0,145.0,168.0,157.0,151.0,160.0,183.0,162.0,205.0,1
193.0,265.0,237.0,244.0,264.0,205.0,264.0,165.0,264.0,134.0,239.0,173.0,244.0,147.0,241.0,174.0,239.0,200.0,214.0,173.0,222.0,144.0,219.0,180.0,219.0,211.0,189.0,176.0,198.0,153.0,197.0,192.0,198.0,221.0,163.0,182.0,175.0,166.0,178.0,195.0,179.0,218.0,1
256.0,252.0,284.0,223.0,303.0,188.0,310.0,155.0,320.0,132.0,296.0,164.0,304.0,141.0,301.0,158.0,297.0,174.0,280.0,164.0,290.0,143.0,288.0,165.0,286.0,185.0,266.0,167.0,276.0,148.0,277.0,171.0,275.0,192.0,252.0,173.0,261.0,158.0,263.0,175.0,264.0,191.0,1
916.0,1137.0,1042.0,1101.0,1141.0,969.0,1147.0,842.0,1148.0,759.0,1124.0,757.0,1179.0,689.0,1151.0,799.0,1121.0,904.0,1014.0,728.0,1055.0,652.0,1043.0,821.0,1036.0,948.0,896.0,729.0,934.0,683.0,948.0,858.0,955.0,973.0,771.0,757.0,825.0,722.0,857.0,862.0,872.0,956.0,1
263.0,256.0,303.0,222.0,331.0,189.0,343.0,159.0,351.0,136.0,332.0,161.0,338.0,139.0,330.0,159.0,323.0,177.0,311.0,162.0,315.0,139.0,309.0,165.0,303.0,189.0,291.0,166.0,293.0,148.0,291.0,173.0,287.0,194.0,271.0,172.0,273.0,158.0,274.0,176.0,273.0,192.0,1
248.0,228.0,295.0,214.0,327.0,170.0,330.0,124.0,342.0,93.0,305.0,132.0,313.0,103.0,309.0,132.0,305.0,160.0,278.0,131.0,290.0,101.0,286.0,140.0,284.0,170.0,253.0,133.0,265.0,105.0,263.0,146.0,260.0,176.0,227.0,138.0,241.0,114.0,242.0,143.0,240.0,167.0,1
276.0,224.0,321.0,206.0,351.0,161.0,354.0,119.0,362.0,87.0,330.0,121.0,340.0,100.0,337.0,129.0,331.0,159.0,304.0,120.0,317.0,96.0,312.0,134.0,309.0,168.0,277.0,121.0,292.0,100.0,288.0,142.0,285.0,174.0,248.0,127.0,266.0,108.0,267.0,139.0,265.0,165.0,1
314.0,243.0,357.0,220.0,385.0,182.0,390.0,145.0,398.0,116.0,367.0,148.0,378.0,127.0,374.0,153.0,370.0,176.0,344.0,146.0,359.0,123.0,354.0,159.0,350.0,189.0,321.0,146.0,337.0,127.0,334.0,164.0,331.0,193.0,295.0,149.0,314.0,133.0,315.0,161.0,314.0,184.0,1
331.0,262.0,372.0,244.0,400.0,210.0,406.0,176.0,413.0,151.0,382.0,178.0,393.0,161.0,389.0,184.0,383.0,207.0,361.0,176.0,376.0,157.0,371.0,189.0,366.0,216.0,340.0,176.0,356.0,162.0,351.0,194.0,346.0,219.0,316.0,177.0,335.0,166.0,335.0,190.0,332.0,209.0,1
362.0,255.0,403.0,240.0,433.0,206.0,438.0,170.0,445.0,142.0,414.0,167.0,427.0,150.0,422.0,177.0,413.0,201.0,392.0,165.0,409.0,147.0,403.0,180.0,396.0,208.0,369.0,165.0,388.0,149.0,383.0,184.0,377.0,211.0,344.0,168.0,365.0,156.0,365.0,182.0,361.0,203.0,1
377.0,234.0,428.0,215.0,463.0,177.0,474.0,141.0,481.0,108.0,439.0,143.0,454.0,122.0,452.0,141.0,446.0,161.0,416.0,135.0,434.0,113.0,431.0,140.0,426.0,167.0,391.0,130.0,409.0,109.0,405.0,141.0,399.0,170.0,362.0,129.0,384.0,111.0,385.0,137.0,381.0,163.0,1
289.0,381.0,345.0,350.0,386.0,293.0,400.0,243.0,413.0,213.0,365.0,234.0,375.0,208.0,366.0,251.0,359.0,276.0,330.0,237.0,342.0,214.0,336.0,266.0,332.0,291.0,297.0,247.0,307.0,230.0,306.0,280.0,304.0,303.0,263.0,261.0,275.0,247.0,279.0,282.0,280.0,300.0,1
943.0,990.0,1155.0,922.0,1312.0,732.0,1366.0,555.0,1450.0,447.0,1225.0,540.0,1281.0,445.0,1239.0,585.0,1203.0,713.0,1085.0,526.0,1149.0,417.0,1124.0,606.0,1109.0,756.0,951.0,538.0,1015.0,453.0,1016.0,653.0,1015.0,790.0,817.0,577.0,896.0,516.0,915.0,667.0,921.0,773.0,1
289.0,381.0,345.0,350.0,386.0,293.0,400.0,243.0,413.0,213.0,365.0,234.0,375.0,208.0,366.0,251.0,359.0,276.0,330.0,237.0,342.0,214.0,336.0,266.0,332.0,291.0,297.0,247.0,307.0,230.0,306.0,280.0,304.0,303.0,263.0,261.0,275.0,247.0,279.0,282.0,280.0,300.0,1
273.0,227.0,307.0,219.0,331.0,190.0,337.0,160.0,346.0,138.0,319.0,165.0,324.0,145.0,318.0,164.0,314.0,183.0,300.0,164.0,307.0,143.0,302.0,167.0,300.0,187.0,283.0,165.0,289.0,148.0,287.0,176.0,286.0,195.0,266.0,169.0,273.0,158.0,272.0,179.0,273.0,194.0,1
289.0,381.0,345.0,350.0,386.0,293.0,400.0,243.0,413.0,213.0,365.0,234.0,375.0,208.0,366.0,251.0,359.0,276.0,330.0,237.0,342.0,214.0,336.0,266.0,332.0,291.0,297.0,247.0,307.0,230.0,306.0,280.0,304.0,303.0,263.0,261.0,275.0,247.0,279.0,282.0,280.0,300.0,1
254.0,253.0,307.0,233.0,343.0,183.0,345.0,136.0,352.0,100.0,318.0,145.0,327.0,115.0,323.0,147.0,319.0,179.0,288.0,143.0,301.0,110.0,296.0,152.0,293.0,188.0,258.0,144.0,271.0,114.0,268.0,161.0,267.0,197.0,227.0,149.0,244.0,125.0,245.0,160.0,244.0,188.0,1
247.0,237.0,314.0,221.0,362.0,162.0,372.0,107.0,382.0,61.0,333.0,110.0,347.0,80.0,337.0,120.0,327.0,157.0,298.0,103.0,315.0,71.0,302.0,123.0,295.0,166.0,262.0,102.0,278.0,73.0,269.0,129.0,265.0,169.0,224.0,105.0,243.0,83.0,240.0,126.0,238.0,158.0,1
231.0,243.0,304.0,229.0,356.0,165.0,369.0,104.0,382.0,54.0,328.0,105.0,343.0,71.0,332.0,117.0,322.0,159.0,288.0,98.0,306.0,64.0,294.0,121.0,285.0,169.0,248.0,97.0,265.0,68.0,257.0,130.0,252.0,175.0,207.0,100.0,227.0,78.0,224.0,125.0,221.0,159.0,1
220.0,234.0,300.0,218.0,359.0,145.0,374.0,75.0,388.0,19.0,324.0,82.0,344.0,41.0,330.0,95.0,317.0,144.0,279.0,74.0,301.0,31.0,287.0,97.0,278.0,152.0,234.0,71.0,254.0,36.0,243.0,106.0,238.0,156.0,187.0,74.0,212.0,46.0,208.0,100.0,205.0,140.0,1
237.0,261.0,308.0,235.0,362.0,174.0,374.0,111.0,390.0,61.0,339.0,113.0,353.0,75.0,339.0,120.0,328.0,164.0,298.0,107.0,314.0,69.0,300.0,130.0,292.0,181.0,257.0,106.0,273.0,73.0,264.0,136.0,260.0,184.0,215.0,111.0,234.0,85.0,232.0,133.0,229.0,169.0,1
261.0,288.0,323.0,257.0,361.0,213.0,374.0,167.0,389.0,131.0,348.0,165.0,363.0,135.0,352.0,171.0,340.0,207.0,316.0,162.0,334.0,134.0,322.0,180.0,313.0,220.0,284.0,161.0,303.0,140.0,293.0,185.0,285.0,222.0,250.0,165.0,268.0,144.0,268.0,178.0,263.0,205.0,1
269.0,289.0,321.0,264.0,358.0,227.0,368.0,187.0,378.0,156.0,345.0,189.0,353.0,166.0,344.0,194.0,336.0,221.0,317.0,186.0,331.0,162.0,321.0,198.0,314.0,231.0,291.0,185.0,303.0,165.0,297.0,202.0,292.0,232.0,262.0,186.0,276.0,169.0,277.0,197.0,274.0,219.0,1
912.0,1195.0,1055.0,1146.0,1127.0,1013.0,1155.0,873.0,1222.0,815.0,1085.0,873.0,1075.0,755.0,1053.0,855.0,1048.0,909.0,999.0,859.0,986.0,742.0,987.0,881.0,996.0,922.0,918.0,861.0,906.0,777.0,920.0,910.0,932.0,942.0,838.0,868.0,837.0,802.0,861.0,899.0,876.0,937.0,1
280.0,294.0,329.0,271.0,364.0,234.0,376.0,200.0,386.0,173.0,354.0,203.0,364.0,180.0,354.0,203.0,343.0,228.0,328.0,201.0,342.0,180.0,330.0,211.0,320.0,240.0,303.0,202.0,317.0,185.0,307.0,218.0,299.0,243.0,276.0,205.0,292.0,189.0,288.0,213.0,284.0,232.0,1
285.0,295.0,330.0,279.0,361.0,249.0,371.0,216.0,379.0,190.0,351.0,218.0,360.0,198.0,351.0,221.0,342.0,244.0,328.0,214.0,342.0,193.0,331.0,223.0,322.0,250.0,307.0,212.0,319.0,195.0,311.0,226.0,305.0,251.0,283.0,212.0,297.0,198.0,294.0,222.0,290.0,241.0,1
268.0,242.0,312.0,219.0,338.0,189.0,345.0,159.0,355.0,136.0,325.0,164.0,327.0,145.0,322.0,160.0,318.0,175.0,305.0,163.0,309.0,145.0,305.0,165.0,302.0,184.0,288.0,166.0,291.0,151.0,290.0,172.0,288.0,189.0,272.0,171.0,276.0,158.0,276.0,174.0,275.0,187.0,1
278.0,224.0,314.0,211.0,338.0,181.0,345.0,150.0,355.0,130.0,326.0,155.0,333.0,137.0,326.0,155.0,320.0,174.0,307.0,154.0,314.0,135.0,309.0,161.0,305.0,182.0,290.0,157.0,296.0,141.0,294.0,168.0,292.0,187.0,273.0,162.0,281.0,148.0,281.0,168.0,280.0,183.0,1
295.0,213.0,330.0,203.0,356.0,176.0,362.0,145.0,371.0,124.0,345.0,149.0,350.0,129.0,343.0,148.0,338.0,166.0,325.0,147.0,332.0,127.0,326.0,152.0,323.0,173.0,307.0,148.0,313.0,132.0,310.0,159.0,308.0,178.0,288.0,153.0,296.0,139.0,295.0,160.0,294.0,176.0,1
302.0,210.0,339.0,202.0,364.0,175.0,371.0,145.0,381.0,124.0,354.0,149.0,361.0,130.0,353.0,147.0,347.0,164.0,336.0,147.0,343.0,127.0,335.0,150.0,330.0,170.0,317.0,148.0,325.0,131.0,319.0,156.0,315.0,176.0,298.0,151.0,307.0,137.0,305.0,157.0,303.0,173.0,1
281.0,226.0,318.0,223.0,347.0,192.0,353.0,158.0,362.0,134.0,333.0,165.0,341.0,142.0,334.0,161.0,328.0,181.0,312.0,162.0,322.0,136.0,315.0,163.0,311.0,187.0,292.0,162.0,302.0,141.0,297.0,171.0,294.0,194.0,272.0,165.0,283.0,149.0,280.0,172.0,279.0,190.0,1
293.0,224.0,334.0,216.0,365.0,188.0,374.0,154.0,381.0,126.0,347.0,158.0,357.0,134.0,350.0,155.0,343.0,176.0,326.0,153.0,338.0,128.0,330.0,156.0,325.0,181.0,304.0,151.0,317.0,127.0,310.0,158.0,306.0,182.0,280.0,152.0,295.0,133.0,293.0,156.0,290.0,175.0,1
277.0,226.0,318.0,220.0,350.0,184.0,356.0,145.0,367.0,117.0,332.0,149.0,340.0,126.0,334.0,152.0,328.0,176.0,308.0,145.0,319.0,122.0,312.0,156.0,306.0,183.0,285.0,144.0,297.0,123.0,291.0,159.0,287.0,186.0,260.0,146.0,274.0,130.0,272.0,157.0,269.0,178.0,1
276.0,234.0,314.0,220.0,340.0,184.0,342.0,145.0,349.0,118.0,322.0,156.0,327.0,130.0,323.0,155.0,320.0,178.0,299.0,155.0,306.0,126.0,304.0,158.0,302.0,185.0,279.0,157.0,285.0,133.0,285.0,169.0,286.0,194.0,257.0,162.0,266.0,145.0,268.0,171.0,270.0,191.0,1
271.0,230.0,308.0,217.0,332.0,180.0,335.0,143.0,342.0,116.0,314.0,151.0,320.0,127.0,317.0,151.0,314.0,174.0,293.0,151.0,300.0,123.0,298.0,154.0,298.0,179.0,272.0,154.0,280.0,131.0,280.0,165.0,281.0,190.0,251.0,160.0,261.0,144.0,264.0,169.0,265.0,188.0,1
260.0,201.0,303.0,177.0,338.0,142.0,345.0,107.0,346.0,77.0,312.0,109.0,320.0,86.0,318.0,104.0,313.0,123.0,288.0,104.0,299.0,80.0,296.0,105.0,293.0,128.0,267.0,104.0,275.0,83.0,274.0,111.0,273.0,135.0,244.0,108.0,255.0,89.0,257.0,111.0,258.0,131.0,1
272.0,216.0,316.0,203.0,349.0,162.0,354.0,119.0,359.0,86.0,330.0,124.0,335.0,101.0,328.0,129.0,324.0,156.0,304.0,123.0,311.0,95.0,305.0,132.0,304.0,163.0,279.0,125.0,285.0,102.0,282.0,141.0,283.0,170.0,255.0,132.0,263.0,114.0,263.0,144.0,264.0,166.0,1
291.0,242.0,336.0,229.0,371.0,194.0,379.0,154.0,385.0,120.0,355.0,156.0,365.0,129.0,357.0,154.0,349.0,179.0,330.0,151.0,342.0,120.0,334.0,154.0,329.0,185.0,306.0,150.0,316.0,124.0,310.0,162.0,307.0,191.0,279.0,153.0,293.0,131.0,291.0,161.0,289.0,185.0,1
297.0,241.0,343.0,235.0,383.0,185.0,391.0,135.0,402.0,100.0,362.0,141.0,372.0,112.0,363.0,147.0,355.0,178.0,332.0,137.0,345.0,105.0,337.0,149.0,332.0,183.0,303.0,137.0,315.0,112.0,310.0,158.0,308.0,190.0,273.0,143.0,288.0,120.0,287.0,155.0,286.0,182.0,1
272.0,258.0,330.0,249.0,374.0,181.0,377.0,119.0,386.0,73.0,344.0,132.0,353.0,98.0,346.0,144.0,340.0,183.0,305.0,128.0,318.0,94.0,311.0,150.0,309.0,193.0,268.0,130.0,279.0,103.0,277.0,162.0,276.0,203.0,233.0,139.0,246.0,116.0,248.0,158.0,249.0,190.0,1
265.0,270.0,324.0,253.0,368.0,184.0,372.0,120.0,379.0,70.0,337.0,127.0,344.0,92.0,337.0,139.0,333.0,180.0,296.0,127.0,308.0,87.0,302.0,147.0,300.0,194.0,257.0,132.0,267.0,100.0,267.0,163.0,270.0,206.0,218.0,143.0,233.0,116.0,237.0,161.0,240.0,195.0,1
272.0,270.0,328.0,242.0,369.0,188.0,376.0,133.0,386.0,90.0,344.0,138.0,351.0,106.0,343.0,147.0,336.0,184.0,308.0,138.0,320.0,99.0,313.0,152.0,310.0,196.0,274.0,142.0,285.0,111.0,283.0,166.0,284.0,207.0,237.0,152.0,253.0,127.0,258.0,167.0,260.0,198.0,1
276.0,238.0,336.0,213.0,380.0,157.0,388.0,100.0,400.0,54.0,350.0,105.0,362.0,69.0,355.0,111.0,349.0,149.0,316.0,103.0,332.0,64.0,325.0,115.0,322.0,158.0,282.0,106.0,298.0,72.0,293.0,126.0,292.0,166.0,246.0,114.0,265.0,86.0,266.0,128.0,265.0,161.0,1
298.0,234.0,353.0,207.0,391.0,163.0,401.0,115.0,412.0,75.0,370.0,116.0,380.0,88.0,375.0,122.0,368.0,156.0,339.0,114.0,354.0,82.0,348.0,127.0,343.0,166.0,309.0,116.0,326.0,89.0,322.0,134.0,319.0,169.0,277.0,121.0,296.0,101.0,298.0,135.0,296.0,162.0,1
329.0,255.0,376.0,230.0,404.0,196.0,414.0,162.0,424.0,136.0,391.0,161.0,402.0,141.0,394.0,165.0,387.0,189.0,368.0,158.0,383.0,136.0,377.0,169.0,371.0,198.0,345.0,158.0,361.0,142.0,355.0,176.0,350.0,202.0,321.0,160.0,336.0,148.0,336.0,172.0,334.0,192.0,1
297.0,239.0,342.0,222.0,368.0,184.0,372.0,146.0,381.0,119.0,350.0,155.0,356.0,132.0,351.0,157.0,347.0,179.0,326.0,155.0,336.0,126.0,331.0,158.0,328.0,184.0,304.0,157.0,315.0,135.0,312.0,169.0,311.0,193.0,282.0,163.0,293.0,145.0,295.0,170.0,295.0,188.0,1
284.0,244.0,324.0,230.0,354.0,200.0,360.0,167.0,366.0,140.0,339.0,168.0,348.0,148.0,340.0,171.0,333.0,195.0,317.0,165.0,328.0,142.0,321.0,172.0,316.0,200.0,297.0,165.0,307.0,148.0,301.0,179.0,299.0,204.0,274.0,168.0,287.0,154.0,285.0,179.0,282.0,198.0,1
262.0,241.0,300.0,228.0,328.0,201.0,336.0,169.0,342.0,141.0,316.0,170.0,321.0,149.0,313.0,171.0,307.0,192.0,295.0,166.0,303.0,142.0,295.0,171.0,290.0,196.0,276.0,166.0,282.0,146.0,276.0,177.0,274.0,201.0,255.0,169.0,263.0,152.0,262.0,175.0,261.0,194.0,1
247.0,237.0,283.0,226.0,311.0,199.0,318.0,167.0,323.0,140.0,300.0,167.0,303.0,148.0,294.0,170.0,288.0,190.0,279.0,164.0,286.0,143.0,276.0,171.0,271.0,195.0,260.0,164.0,264.0,145.0,258.0,175.0,256.0,198.0,240.0,167.0,245.0,151.0,244.0,174.0,244.0,193.0,1
277.0,238.0,315.0,228.0,343.0,198.0,352.0,166.0,360.0,141.0,332.0,165.0,339.0,148.0,332.0,171.0,326.0,191.0,311.0,162.0,321.0,143.0,314.0,171.0,309.0,195.0,291.0,162.0,301.0,145.0,296.0,175.0,293.0,197.0,270.0,165.0,282.0,151.0,280.0,174.0,278.0,193.0,1
328.0,245.0,365.0,228.0,390.0,194.0,401.0,163.0,414.0,141.0,386.0,163.0,397.0,149.0,393.0,170.0,385.0,188.0,368.0,158.0,385.0,143.0,378.0,171.0,373.0,192.0,348.0,155.0,367.0,141.0,363.0,171.0,359.0,195.0,324.0,157.0,345.0,146.0,345.0,171.0,343.0,190.0,1
391.0,254.0,424.0,225.0,444.0,192.0,453.0,163.0,461.0,140.0,434.0,163.0,452.0,145.0,463.0,151.0,469.0,159.0,421.0,157.0,448.0,144.0,447.0,168.0,443.0,188.0,405.0,155.0,434.0,145.0,430.0,172.0,425.0,194.0,385.0,157.0,414.0,149.0,414.0,172.0,410.0,192.0,1
388.0,231.0,429.0,215.0,460.0,181.0,470.0,148.0,479.0,121.0,443.0,147.0,457.0,127.0,452.0,154.0,444.0,179.0,423.0,144.0,441.0,121.0,433.0,154.0,426.0,183.0,401.0,143.0,419.0,126.0,413.0,161.0,407.0,188.0,375.0,146.0,397.0,132.0,396.0,159.0,391.0,181.0,1
289.0,381.0,345.0,350.0,386.0,293.0,400.0,243.0,413.0,213.0,365.0,234.0,375.0,208.0,366.0,251.0,359.0,276.0,330.0,237.0,342.0,214.0,336.0,266.0,332.0,291.0,297.0,247.0,307.0,230.0,306.0,280.0,304.0,303.0,263.0,261.0,275.0,247.0,279.0,282.0,280.0,300.0,1
304.0,217.0,349.0,201.0,380.0,166.0,386.0,127.0,395.0,96.0,361.0,130.0,371.0,106.0,364.0,134.0,359.0,160.0,337.0,128.0,350.0,100.0,344.0,136.0,340.0,166.0,314.0,129.0,326.0,108.0,322.0,145.0,319.0,172.0,289.0,134.0,303.0,116.0,303.0,143.0,301.0,164.0,1
293.0,239.0,335.0,225.0,362.0,187.0,367.0,149.0,378.0,123.0,345.0,157.0,352.0,136.0,346.0,162.0,341.0,186.0,322.0,157.0,330.0,131.0,326.0,164.0,324.0,192.0,299.0,159.0,309.0,140.0,308.0,174.0,307.0,199.0,275.0,165.0,288.0,151.0,290.0,177.0,290.0,197.0,1
301.0,238.0,340.0,223.0,367.0,187.0,372.0,151.0,382.0,125.0,349.0,159.0,357.0,137.0,353.0,161.0,349.0,184.0,327.0,158.0,338.0,131.0,334.0,162.0,332.0,189.0,306.0,160.0,318.0,138.0,315.0,174.0,313.0,198.0,282.0,165.0,297.0,149.0,298.0,175.0,298.0,195.0,1
311.0,239.0,351.0,226.0,380.0,189.0,385.0,153.0,396.0,127.0,362.0,160.0,371.0,138.0,367.0,163.0,363.0,187.0,340.0,158.0,351.0,133.0,347.0,165.0,345.0,193.0,318.0,159.0,330.0,140.0,328.0,174.0,327.0,199.0,294.0,164.0,309.0,150.0,309.0,177.0,309.0,196.0,1
318.0,240.0,358.0,226.0,385.0,191.0,390.0,155.0,401.0,130.0,367.0,164.0,376.0,141.0,371.0,165.0,367.0,188.0,345.0,162.0,357.0,135.0,353.0,166.0,350.0,193.0,324.0,163.0,337.0,142.0,333.0,177.0,331.0,201.0,302.0,168.0,316.0,152.0,316.0,177.0,315.0,197.0,1
331.0,240.0,372.0,228.0,400.0,192.0,405.0,156.0,417.0,130.0,383.0,163.0,391.0,142.0,387.0,166.0,382.0,190.0,361.0,162.0,372.0,136.0,367.0,168.0,365.0,195.0,339.0,163.0,351.0,143.0,348.0,177.0,346.0,201.0,316.0,167.0,331.0,153.0,330.0,179.0,329.0,198.0,1
314.0,230.0,355.0,220.0,385.0,185.0,392.0,150.0,402.0,123.0,368.0,154.0,376.0,132.0,370.0,158.0,364.0,181.0,346.0,152.0,356.0,128.0,350.0,160.0,347.0,186.0,324.0,153.0,335.0,134.0,330.0,168.0,329.0,192.0,301.0,158.0,314.0,144.0,313.0,169.0,312.0,188.0,1
295.0,205.0,341.0,191.0,376.0,152.0,381.0,113.0,392.0,85.0,357.0,115.0,364.0,96.0,358.0,122.0,352.0,145.0,331.0,112.0,342.0,88.0,335.0,123.0,331.0,149.0,308.0,113.0,317.0,94.0,313.0,131.0,311.0,156.0,283.0,119.0,293.0,103.0,293.0,131.0,293.0,152.0,1
268.0,212.0,308.0,200.0,338.0,175.0,347.0,145.0,358.0,122.0,329.0,144.0,338.0,120.0,327.0,141.0,318.0,163.0,309.0,140.0,317.0,116.0,308.0,144.0,302.0,170.0,289.0,140.0,297.0,123.0,290.0,152.0,286.0,175.0,269.0,142.0,278.0,127.0,276.0,150.0,273.0,169.0,1
277.0,209.0,316.0,200.0,345.0,174.0,354.0,144.0,366.0,121.0,336.0,145.0,346.0,123.0,337.0,144.0,330.0,164.0,317.0,141.0,329.0,117.0,320.0,143.0,314.0,167.0,298.0,140.0,310.0,121.0,301.0,151.0,296.0,173.0,277.0,141.0,290.0,126.0,287.0,149.0,283.0,166.0,1
276.0,221.0,315.0,213.0,348.0,179.0,356.0,142.0,365.0,112.0,331.0,144.0,341.0,120.0,334.0,145.0,328.0,170.0,308.0,140.0,321.0,115.0,314.0,147.0,308.0,175.0,285.0,140.0,297.0,121.0,291.0,157.0,288.0,183.0,261.0,144.0,274.0,130.0,273.0,158.0,271.0,178.0,1
274.0,225.0,315.0,214.0,346.0,184.0,354.0,149.0,361.0,122.0,331.0,151.0,341.0,128.0,334.0,151.0,328.0,173.0,310.0,148.0,322.0,122.0,315.0,152.0,310.0,178.0,289.0,148.0,300.0,128.0,295.0,161.0,291.0,186.0,265.0,151.0,279.0,137.0,277.0,163.0,275.0,183.0,1
272.0,234.0,313.0,223.0,345.0,194.0,352.0,161.0,360.0,136.0,330.0,164.0,339.0,140.0,331.0,162.0,325.0,183.0,309.0,161.0,321.0,136.0,313.0,164.0,308.0,188.0,289.0,160.0,300.0,140.0,293.0,171.0,290.0,195.0,267.0,162.0,280.0,149.0,278.0,173.0,276.0,192.0,1
275.0,241.0,314.0,232.0,345.0,206.0,353.0,174.0,363.0,150.0,333.0,176.0,342.0,155.0,334.0,175.0,327.0,195.0,313.0,172.0,325.0,149.0,317.0,175.0,311.0,199.0,293.0,171.0,304.0,154.0,297.0,183.0,293.0,206.0,272.0,172.0,284.0,161.0,282.0,185.0,279.0,203.0,1
276.0,241.0,315.0,235.0,345.0,208.0,353.0,177.0,362.0,152.0,334.0,178.0,344.0,157.0,335.0,178.0,327.0,199.0,315.0,173.0,326.0,151.0,317.0,177.0,310.0,201.0,295.0,172.0,305.0,156.0,298.0,185.0,293.0,207.0,274.0,173.0,285.0,162.0,281.0,186.0,279.0,204.0,1
275.0,241.0,313.0,235.0,344.0,209.0,352.0,177.0,361.0,153.0,333.0,177.0,342.0,157.0,334.0,178.0,326.0,199.0,313.0,173.0,325.0,150.0,316.0,177.0,309.0,201.0,293.0,171.0,304.0,156.0,297.0,186.0,293.0,208.0,271.0,173.0,284.0,162.0,281.0,187.0,279.0,205.0,1
276.0,241.0,314.0,236.0,346.0,208.0,354.0,177.0,363.0,153.0,334.0,178.0,344.0,157.0,335.0,178.0,327.0,199.0,314.0,173.0,326.0,151.0,317.0,177.0,311.0,201.0,295.0,172.0,306.0,156.0,298.0,185.0,294.0,207.0,273.0,173.0,285.0,162.0,281.0,186.0,279.0,203.0,1
278.0,238.0,317.0,233.0,348.0,206.0,357.0,175.0,366.0,151.0,337.0,175.0,347.0,155.0,337.0,175.0,329.0,195.0,317.0,170.0,328.0,149.0,319.0,174.0,313.0,198.0,297.0,169.0,308.0,154.0,301.0,183.0,296.0,204.0,276.0,171.0,288.0,161.0,284.0,184.0,281.0,201.0,1
276.0,237.0,315.0,232.0,346.0,207.0,354.0,175.0,364.0,151.0,335.0,175.0,346.0,154.0,337.0,174.0,328.0,194.0,316.0,170.0,328.0,147.0,319.0,173.0,312.0,197.0,296.0,169.0,308.0,151.0,300.0,181.0,295.0,203.0,275.0,170.0,288.0,157.0,284.0,182.0,280.0,200.0,1
824.0,1031.0,947.0,1081.0,1051.0,1039.0,1120.0,971.0,1187.0,933.0,1001.0,880.0,1026.0,850.0,981.0,978.0,952.0,1076.0,882.0,841.0,903.0,820.0,875.0,973.0,868.0,1071.0,777.0,830.0,787.0,832.0,774.0,961.0,777.0,1040.0,695.0,845.0,689.0,848.0,688.0,941.0,701.0,996.0,1
273.0,265.0,323.0,234.0,356.0,204.0,370.0,173.0,381.0,148.0,347.0,175.0,356.0,153.0,347.0,173.0,336.0,193.0,326.0,174.0,340.0,149.0,331.0,175.0,321.0,200.0,306.0,175.0,318.0,156.0,312.0,181.0,304.0,202.0,285.0,178.0,297.0,164.0,295.0,181.0,290.0,198.0,1
277.0,226.0,322.0,209.0,351.0,182.0,362.0,150.0,377.0,128.0,346.0,151.0,353.0,128.0,343.0,147.0,335.0,168.0,325.0,146.0,334.0,121.0,324.0,150.0,318.0,175.0,305.0,145.0,313.0,129.0,305.0,157.0,300.0,180.0,284.0,146.0,294.0,132.0,291.0,153.0,287.0,171.0,1
275.0,241.0,316.0,231.0,346.0,205.0,355.0,174.0,365.0,152.0,336.0,175.0,345.0,154.0,337.0,173.0,330.0,194.0,316.0,171.0,328.0,149.0,320.0,176.0,313.0,201.0,296.0,170.0,308.0,154.0,300.0,182.0,295.0,205.0,275.0,172.0,289.0,159.0,286.0,181.0,281.0,199.0,1
268.0,240.0,307.0,233.0,338.0,207.0,346.0,175.0,355.0,151.0,328.0,177.0,336.0,154.0,328.0,174.0,320.0,195.0,308.0,173.0,319.0,150.0,310.0,175.0,304.0,198.0,288.0,171.0,299.0,153.0,291.0,182.0,287.0,204.0,267.0,173.0,280.0,160.0,276.0,183.0,273.0,201.0,1
253.0,240.0,292.0,231.0,321.0,206.0,328.0,175.0,338.0,152.0,308.0,176.0,315.0,156.0,307.0,175.0,301.0,194.0,288.0,172.0,298.0,150.0,290.0,176.0,284.0,199.0,269.0,172.0,278.0,155.0,272.0,183.0,269.0,205.0,250.0,174.0,260.0,161.0,257.0,183.0,255.0,201.0,1
242.0,234.0,280.0,228.0,311.0,202.0,319.0,171.0,327.0,147.0,299.0,170.0,307.0,149.0,297.0,170.0,290.0,190.0,280.0,166.0,288.0,145.0,279.0,171.0,273.0,195.0,260.0,165.0,268.0,149.0,261.0,178.0,258.0,200.0,239.0,168.0,248.0,156.0,245.0,179.0,244.0,196.0,1
240.0,224.0,280.0,220.0,313.0,192.0,322.0,159.0,332.0,134.0,300.0,159.0,310.0,137.0,301.0,157.0,292.0,178.0,279.0,154.0,291.0,130.0,281.0,159.0,275.0,184.0,259.0,153.0,269.0,136.0,261.0,167.0,257.0,190.0,238.0,155.0,249.0,143.0,246.0,167.0,244.0,185.0,1
246.0,218.0,285.0,216.0,320.0,184.0,330.0,147.0,340.0,120.0,307.0,148.0,317.0,125.0,308.0,147.0,300.0,170.0,284.0,144.0,297.0,117.0,288.0,147.0,281.0,175.0,262.0,143.0,274.0,124.0,266.0,158.0,261.0,183.0,238.0,145.0,252.0,132.0,247.0,160.0,245.0,180.0,1
243.0,220.0,287.0,215.0,323.0,181.0,334.0,145.0,344.0,116.0,309.0,144.0,321.0,121.0,311.0,146.0,302.0,171.0,286.0,140.0,300.0,113.0,290.0,144.0,283.0,174.0,262.0,138.0,276.0,119.0,267.0,155.0,262.0,181.0,238.0,139.0,252.0,126.0,247.0,155.0,244.0,177.0,1
245.0,216.0,289.0,210.0,328.0,176.0,339.0,138.0,350.0,108.0,312.0,136.0,326.0,112.0,315.0,137.0,305.0,162.0,288.0,131.0,304.0,103.0,294.0,136.0,286.0,166.0,264.0,130.0,278.0,110.0,269.0,147.0,264.0,174.0,238.0,131.0,254.0,119.0,249.0,149.0,245.0,172.0,1
251.0,212.0,299.0,205.0,342.0,165.0,354.0,123.0,368.0,91.0,324.0,124.0,340.0,96.0,330.0,124.0,319.0,152.0,297.0,119.0,316.0,89.0,304.0,126.0,297.0,159.0,271.0,117.0,289.0,97.0,277.0,138.0,270.0,168.0,242.0,118.0,261.0,103.0,256.0,136.0,252.0,160.0,1
273.0,227.0,317.0,210.0,347.0,183.0,358.0,153.0,371.0,130.0,338.0,151.0,347.0,129.0,339.0,150.0,332.0,171.0,317.0,147.0,330.0,123.0,322.0,151.0,316.0,178.0,297.0,146.0,308.0,133.0,302.0,162.0,297.0,185.0,278.0,149.0,288.0,137.0,287.0,158.0,285.0,176.0,1
275.0,221.0,316.0,211.0,345.0,185.0,355.0,154.0,367.0,131.0,336.0,154.0,346.0,133.0,338.0,152.0,329.0,172.0,315.0,150.0,329.0,125.0,319.0,153.0,311.0,177.0,295.0,149.0,308.0,132.0,300.0,161.0,294.0,183.0,274.0,150.0,288.0,136.0,286.0,159.0,282.0,176.0,1
278.0,221.0,317.0,213.0,348.0,186.0,357.0,154.0,369.0,131.0,337.0,156.0,348.0,134.0,338.0,155.0,330.0,176.0,317.0,152.0,331.0,128.0,321.0,154.0,314.0,178.0,298.0,150.0,310.0,134.0,301.0,164.0,296.0,186.0,277.0,151.0,291.0,137.0,287.0,160.0,283.0,178.0,1
296.0,226.0,335.0,221.0,367.0,190.0,376.0,157.0,386.0,132.0,357.0,157.0,366.0,135.0,358.0,155.0,351.0,177.0,335.0,153.0,347.0,127.0,339.0,156.0,333.0,183.0,313.0,152.0,324.0,135.0,317.0,167.0,313.0,191.0,290.0,153.0,303.0,139.0,300.0,163.0,297.0,183.0,1
291.0,222.0,333.0,218.0,369.0,179.0,376.0,139.0,386.0,111.0,351.0,143.0,362.0,116.0,356.0,142.0,348.0,168.0,327.0,140.0,339.0,111.0,333.0,146.0,329.0,176.0,304.0,141.0,317.0,120.0,311.0,158.0,306.0,187.0,279.0,145.0,295.0,129.0,293.0,157.0,290.0,179.0,1
277.0,232.0,323.0,225.0,361.0,183.0,369.0,140.0,378.0,108.0,341.0,143.0,353.0,113.0,345.0,143.0,338.0,171.0,316.0,141.0,330.0,108.0,323.0,146.0,317.0,179.0,290.0,142.0,304.0,120.0,297.0,163.0,293.0,194.0,262.0,146.0,277.0,134.0,275.0,167.0,275.0,190.0,1
273.0,232.0,318.0,220.0,354.0,180.0,362.0,138.0,371.0,106.0,338.0,140.0,349.0,112.0,340.0,142.0,333.0,169.0,311.0,137.0,325.0,105.0,317.0,143.0,311.0,175.0,285.0,138.0,297.0,119.0,292.0,161.0,290.0,189.0,258.0,143.0,272.0,131.0,271.0,164.0,271.0,186.0,1
211.0,234.0,257.0,220.0,286.0,191.0,293.0,159.0,300.0,133.0,272.0,156.0,274.0,131.0,263.0,157.0,253.0,181.0,249.0,153.0,252.0,131.0,241.0,164.0,234.0,191.0,229.0,153.0,230.0,141.0,223.0,172.0,220.0,195.0,210.0,156.0,212.0,146.0,209.0,169.0,208.0,187.0,1
194.0,227.0,233.0,215.0,261.0,184.0,265.0,150.0,271.0,124.0,247.0,150.0,250.0,129.0,241.0,154.0,236.0,176.0,224.0,148.0,228.0,129.0,221.0,159.0,218.0,185.0,205.0,149.0,205.0,139.0,202.0,170.0,203.0,194.0,186.0,153.0,188.0,145.0,188.0,169.0,190.0,186.0,1
182.0,218.0,219.0,205.0,245.0,180.0,252.0,153.0,260.0,131.0,234.0,152.0,242.0,133.0,234.0,153.0,228.0,172.0,215.0,149.0,224.0,131.0,217.0,156.0,212.0,179.0,196.0,148.0,205.0,137.0,199.0,163.0,196.0,184.0,177.0,150.0,187.0,141.0,186.0,161.0,184.0,178.0,1
184.0,217.0,219.0,208.0,247.0,184.0,254.0,156.0,263.0,135.0,236.0,156.0,244.0,138.0,236.0,157.0,228.0,176.0,217.0,153.0,227.0,135.0,218.0,159.0,211.0,181.0,199.0,151.0,208.0,139.0,201.0,165.0,196.0,185.0,180.0,152.0,190.0,142.0,187.0,162.0,184.0,178.0,1
208.0,215.0,244.0,209.0,274.0,184.0,286.0,157.0,298.0,137.0,265.0,155.0,277.0,138.0,269.0,156.0,260.0,173.0,246.0,150.0,260.0,135.0,250.0,160.0,242.0,181.0,228.0,147.0,240.0,139.0,231.0,165.0,225.0,184.0,208.0,146.0,222.0,140.0,218.0,161.0,214.0,177.0,1
235.0,210.0,274.0,203.0,306.0,181.0,319.0,153.0,333.0,133.0,298.0,150.0,310.0,134.0,301.0,151.0,292.0,168.0,279.0,144.0,294.0,128.0,282.0,152.0,273.0,173.0,261.0,140.0,274.0,133.0,263.0,158.0,256.0,178.0,242.0,138.0,256.0,133.0,250.0,155.0,246.0,171.0,1
247.0,199.0,283.0,194.0,314.0,170.0,325.0,142.0,337.0,122.0,305.0,141.0,317.0,123.0,308.0,141.0,299.0,159.0,286.0,136.0,299.0,120.0,289.0,145.0,281.0,167.0,267.0,133.0,279.0,125.0,269.0,152.0,262.0,171.0,247.0,132.0,262.0,126.0,257.0,146.0,253.0,161.0,1
221.0,207.0,257.0,197.0,283.0,165.0,290.0,135.0,299.0,112.0,266.0,136.0,277.0,119.0,269.0,139.0,262.0,157.0,246.0,134.0,258.0,117.0,252.0,145.0,246.0,167.0,227.0,134.0,240.0,126.0,235.0,154.0,230.0,174.0,207.0,137.0,222.0,129.0,221.0,150.0,218.0,165.0,1
197.0,212.0,233.0,196.0,257.0,165.0,262.0,136.0,271.0,115.0,240.0,139.0,249.0,121.0,243.0,142.0,238.0,161.0,220.0,137.0,232.0,119.0,226.0,145.0,222.0,169.0,201.0,138.0,212.0,127.0,208.0,157.0,206.0,179.0,180.0,140.0,194.0,132.0,195.0,154.0,194.0,170.0,1
203.0,209.0,238.0,197.0,264.0,167.0,270.0,138.0,280.0,116.0,249.0,139.0,258.0,122.0,252.0,144.0,246.0,164.0,229.0,137.0,240.0,122.0,233.0,150.0,228.0,174.0,209.0,136.0,222.0,128.0,216.0,158.0,213.0,180.0,188.0,138.0,204.0,131.0,203.0,154.0,201.0,171.0,1
194.0,211.0,228.0,199.0,253.0,168.0,258.0,139.0,266.0,116.0,237.0,141.0,247.0,122.0,242.0,144.0,237.0,165.0,217.0,139.0,231.0,121.0,225.0,148.0,221.0,172.0,197.0,139.0,211.0,129.0,207.0,158.0,205.0,180.0,177.0,142.0,193.0,133.0,193.0,155.0,192.0,172.0,1
174.0,230.0,213.0,229.0,243.0,195.0,254.0,157.0,269.0,130.0,227.0,156.0,221.0,140.0,214.0,177.0,216.0,190.0,191.0,153.0,190.0,135.0,186.0,180.0,190.0,193.0,161.0,157.0,159.0,149.0,160.0,188.0,169.0,196.0,139.0,166.0,135.0,165.0,138.0,193.0,145.0,198.0,1
183.0,220.0,217.0,199.0,238.0,167.0,241.0,138.0,248.0,115.0,221.0,142.0,229.0,123.0,227.0,143.0,225.0,163.0,202.0,143.0,212.0,124.0,210.0,151.0,209.0,175.0,182.0,145.0,195.0,134.0,193.0,162.0,191.0,184.0,162.0,149.0,177.0,138.0,179.0,159.0,178.0,176.0,1
184.0,219.0,221.0,211.0,252.0,182.0,259.0,152.0,266.0,126.0,239.0,142.0,245.0,127.0,235.0,152.0,226.0,174.0,217.0,138.0,222.0,126.0,213.0,157.0,207.0,182.0,197.0,137.0,200.0,135.0,196.0,165.0,195.0,188.0,177.0,141.0,183.0,140.0,183.0,163.0,184.0,180.0,1
182.0,218.0,217.0,201.0,237.0,169.0,240.0,139.0,247.0,116.0,222.0,145.0,230.0,125.0,226.0,147.0,223.0,167.0,203.0,145.0,213.0,124.0,210.0,151.0,208.0,175.0,184.0,146.0,196.0,134.0,193.0,164.0,192.0,186.0,164.0,150.0,178.0,139.0,178.0,161.0,177.0,179.0,1
184.0,218.0,217.0,201.0,237.0,169.0,239.0,139.0,246.0,116.0,219.0,145.0,228.0,126.0,226.0,148.0,224.0,168.0,201.0,145.0,212.0,125.0,210.0,152.0,209.0,175.0,182.0,147.0,196.0,135.0,194.0,164.0,193.0,185.0,162.0,151.0,177.0,140.0,179.0,163.0,177.0,180.0,1
193.0,219.0,226.0,203.0,246.0,171.0,249.0,142.0,255.0,119.0,229.0,146.0,238.0,127.0,236.0,149.0,232.0,169.0,211.0,146.0,222.0,128.0,218.0,155.0,216.0,179.0,192.0,148.0,205.0,136.0,202.0,164.0,200.0,186.0,172.0,151.0,187.0,143.0,187.0,165.0,186.0,182.0,1
198.0,217.0,231.0,202.0,253.0,171.0,258.0,142.0,265.0,120.0,237.0,145.0,247.0,126.0,244.0,147.0,239.0,168.0,218.0,144.0,229.0,127.0,225.0,153.0,222.0,176.0,199.0,145.0,213.0,136.0,209.0,163.0,206.0,184.0,179.0,148.0,195.0,140.0,196.0,162.0,194.0,179.0,1
197.0,217.0,230.0,202.0,252.0,171.0,256.0,142.0,263.0,119.0,235.0,146.0,245.0,127.0,242.0,148.0,239.0,168.0,216.0,146.0,229.0,126.0,226.0,152.0,224.0,175.0,198.0,146.0,212.0,135.0,210.0,164.0,207.0,184.0,178.0,149.0,194.0,140.0,195.0,162.0,193.0,179.0,1
197.0,216.0,230.0,202.0,252.0,170.0,256.0,142.0,263.0,119.0,235.0,146.0,245.0,127.0,243.0,147.0,239.0,167.0,217.0,145.0,229.0,126.0,226.0,152.0,223.0,175.0,198.0,146.0,213.0,135.0,210.0,164.0,207.0,184.0,178.0,149.0,195.0,140.0,196.0,162.0,194.0,179.0,1
197.0,216.0,230.0,202.0,252.0,171.0,256.0,142.0,264.0,120.0,236.0,147.0,246.0,128.0,243.0,148.0,240.0,167.0,218.0,146.0,230.0,126.0,226.0,153.0,224.0,176.0,199.0,147.0,213.0,136.0,210.0,165.0,207.0,186.0,179.0,150.0,195.0,141.0,196.0,163.0,194.0,180.0,1
197.0,217.0,230.0,202.0,252.0,171.0,256.0,143.0,263.0,120.0,234.0,148.0,245.0,128.0,242.0,149.0,239.0,168.0,216.0,147.0,230.0,127.0,226.0,153.0,224.0,176.0,198.0,147.0,213.0,136.0,209.0,165.0,207.0,185.0,178.0,150.0,194.0,140.0,195.0,162.0,193.0,179.0,1
198.0,215.0,230.0,201.0,252.0,170.0,257.0,142.0,264.0,120.0,236.0,146.0,245.0,127.0,243.0,147.0,240.0,166.0,218.0,145.0,230.0,126.0,227.0,151.0,225.0,174.0,199.0,146.0,213.0,136.0,210.0,164.0,207.0,184.0,179.0,149.0,195.0,140.0,196.0,162.0,195.0,178.0,1
200.0,214.0,231.0,200.0,253.0,169.0,258.0,141.0,265.0,120.0,237.0,145.0,246.0,126.0,244.0,146.0,241.0,166.0,219.0,144.0,231.0,125.0,228.0,151.0,225.0,174.0,200.0,145.0,214.0,134.0,211.0,162.0,208.0,183.0,180.0,148.0,196.0,139.0,197.0,161.0,195.0,178.0,1
240.0,215.0,271.0,196.0,291.0,162.0,295.0,131.0,301.0,108.0,288.0,133.0,298.0,120.0,298.0,139.0,294.0,157.0,270.0,127.0,284.0,118.0,279.0,147.0,275.0,170.0,251.0,125.0,265.0,123.0,261.0,153.0,258.0,176.0,229.0,126.0,245.0,126.0,246.0,150.0,247.0,168.0,1
239.0,197.0,280.0,189.0,313.0,158.0,324.0,127.0,335.0,102.0,301.0,122.0,312.0,104.0,298.0,128.0,287.0,150.0,278.0,115.0,289.0,101.0,277.0,132.0,269.0,158.0,256.0,113.0,265.0,109.0,257.0,141.0,252.0,164.0,232.0,114.0,245.0,111.0,242.0,137.0,239.0,155.0,1
207.0,199.0,247.0,188.0,279.0,159.0,288.0,129.0,298.0,105.0,265.0,128.0,275.0,109.0,267.0,130.0,259.0,151.0,243.0,123.0,254.0,107.0,247.0,135.0,241.0,161.0,222.0,121.0,233.0,114.0,226.0,146.0,222.0,169.0,201.0,122.0,214.0,116.0,212.0,140.0,209.0,158.0,1
194.0,213.0,232.0,203.0,258.0,178.0,265.0,150.0,274.0,128.0,248.0,152.0,255.0,133.0,248.0,151.0,241.0,170.0,228.0,149.0,238.0,130.0,230.0,156.0,224.0,178.0,209.0,148.0,218.0,137.0,213.0,163.0,209.0,183.0,189.0,149.0,200.0,141.0,199.0,160.0,197.0,176.0,1
184.0,217.0,219.0,207.0,245.0,183.0,251.0,155.0,259.0,134.0,232.0,156.0,241.0,138.0,235.0,156.0,230.0,174.0,214.0,154.0,225.0,133.0,219.0,157.0,214.0,179.0,196.0,154.0,206.0,139.0,201.0,166.0,198.0,187.0,176.0,156.0,188.0,144.0,187.0,165.0,185.0,182.0,1
192.0,212.0,225.0,204.0,251.0,180.0,258.0,153.0,266.0,132.0,239.0,154.0,248.0,135.0,242.0,152.0,236.0,170.0,221.0,151.0,232.0,132.0,226.0,155.0,221.0,177.0,203.0,150.0,214.0,138.0,208.0,163.0,204.0,183.0,184.0,152.0,196.0,142.0,195.0,161.0,193.0,177.0,1
192.0,212.0,225.0,205.0,252.0,180.0,259.0,152.0,267.0,131.0,241.0,153.0,249.0,135.0,241.0,154.0,235.0,173.0,223.0,150.0,233.0,132.0,225.0,156.0,219.0,177.0,205.0,149.0,214.0,137.0,208.0,163.0,205.0,183.0,186.0,151.0,196.0,141.0,195.0,161.0,193.0,177.0,1
289.0,381.0,345.0,350.0,386.0,293.0,400.0,243.0,413.0,213.0,365.0,234.0,375.0,208.0,366.0,251.0,359.0,276.0,330.0,237.0,342.0,214.0,336.0,266.0,332.0,291.0,297.0,247.0,307.0,230.0,306.0,280.0,304.0,303.0,263.0,261.0,275.0,247.0,279.0,282.0,280.0,300.0,1
186.0,289.0,249.0,265.0,292.0,199.0,315.0,146.0,353.0,114.0,262.0,122.0,269.0,138.0,256.0,189.0,246.0,188.0,212.0,114.0,218.0,139.0,217.0,197.0,215.0,192.0,166.0,127.0,170.0,138.0,178.0,195.0,181.0,195.0,125.0,146.0,126.0,150.0,139.0,189.0,145.0,193.0,1
180.0,289.0,246.0,269.0,291.0,203.0,314.0,151.0,351.0,120.0,261.0,126.0,271.0,146.0,256.0,194.0,244.0,191.0,211.0,117.0,222.0,146.0,218.0,202.0,211.0,193.0,165.0,128.0,173.0,141.0,178.0,194.0,176.0,192.0,125.0,146.0,129.0,153.0,141.0,190.0,145.0,191.0,1
179.0,290.0,245.0,270.0,290.0,204.0,313.0,152.0,349.0,121.0,260.0,126.0,271.0,146.0,256.0,193.0,241.0,188.0,210.0,116.0,222.0,147.0,217.0,204.0,209.0,193.0,165.0,127.0,172.0,142.0,178.0,195.0,175.0,190.0,125.0,145.0,127.0,153.0,139.0,188.0,143.0,186.0,1
172.0,291.0,232.0,275.0,273.0,210.0,299.0,155.0,339.0,123.0,249.0,134.0,241.0,149.0,233.0,195.0,231.0,198.0,201.0,125.0,191.0,148.0,194.0,206.0,198.0,203.0,156.0,133.0,144.0,138.0,154.0,194.0,165.0,197.0,117.0,149.0,106.0,146.0,118.0,184.0,128.0,191.0,1
161.0,293.0,222.0,271.0,263.0,204.0,281.0,146.0,314.0,111.0,234.0,127.0,232.0,141.0,225.0,192.0,218.0,192.0,184.0,119.0,180.0,145.0,184.0,207.0,184.0,203.0,139.0,130.0,131.0,139.0,144.0,198.0,151.0,201.0,99.0,149.0,90.0,151.0,106.0,190.0,118.0,194.0,1
216.0,289.0,265.0,275.0,308.0,236.0,310.0,197.0,306.0,166.0,320.0,128.0,325.0,146.0,309.0,193.0,302.0,193.0,275.0,110.0,281.0,140.0,269.0,198.0,268.0,195.0,229.0,112.0,232.0,134.0,231.0,191.0,237.0,194.0,184.0,123.0,183.0,140.0,191.0,182.0,202.0,185.0,1
230.0,281.0,295.0,266.0,353.0,204.0,379.0,148.0,415.0,118.0,326.0,125.0,336.0,135.0,316.0,185.0,304.0,178.0,272.0,114.0,288.0,129.0,277.0,189.0,270.0,178.0,226.0,121.0,238.0,125.0,240.0,180.0,235.0,178.0,187.0,131.0,194.0,133.0,204.0,172.0,207.0,175.0,1
217.0,282.0,283.0,264.0,332.0,197.0,354.0,139.0,388.0,105.0,302.0,122.0,307.0,133.0,294.0,183.0,284.0,182.0,249.0,115.0,257.0,130.0,255.0,192.0,250.0,187.0,204.0,126.0,206.0,128.0,215.0,185.0,216.0,187.0,164.0,141.0,164.0,144.0,178.0,182.0,183.0,186.0,1
871.0,1374.0,1050.0,1265.0,1159.0,1092.0,1190.0,928.0,1262.0,830.0,1077.0,914.0,1101.0,824.0,1086.0,971.0,1073.0,1091.0,942.0,906.0,973.0,834.0,992.0,1020.0,1014.0,1165.0,824.0,921.0,868.0,942.0,909.0,1109.0,938.0,1222.0,715.0,951.0,774.0,986.0,825.0,1117.0,858.0,1198.0,1
289.0,381.0,345.0,350.0,386.0,293.0,400.0,243.0,413.0,213.0,365.0,234.0,375.0,208.0,366.0,251.0,359.0,276.0,330.0,237.0,342.0,214.0,336.0,266.0,332.0,291.0,297.0,247.0,307.0,230.0,306.0,280.0,304.0,303.0,263.0,261.0,275.0,247.0,279.0,282.0,280.0,300.0,1
238.0,428.0,324.0,380.0,372.0,255.0,389.0,162.0,427.0,106.0,318.0,173.0,327.0,133.0,320.0,221.0,310.0,228.0,247.0,178.0,261.0,142.0,267.0,246.0,259.0,240.0,187.0,194.0,186.0,146.0,208.0,242.0,207.0,244.0,131.0,209.0,131.0,179.0,152.0,238.0,153.0,245.0,1
262.0,421.0,345.0,375.0,399.0,259.0,418.0,170.0,452.0,114.0,349.0,181.0,354.0,142.0,345.0,226.0,336.0,231.0,280.0,183.0,292.0,147.0,294.0,245.0,286.0,241.0,220.0,197.0,219.0,147.0,237.0,240.0,238.0,246.0,161.0,209.0,161.0,181.0,181.0,242.0,186.0,251.0,1
262.0,418.0,349.0,373.0,392.0,258.0,409.0,164.0,442.0,107.0,348.0,184.0,351.0,145.0,341.0,228.0,330.0,236.0,275.0,186.0,284.0,149.0,288.0,248.0,279.0,245.0,213.0,201.0,211.0,153.0,234.0,245.0,233.0,251.0,155.0,216.0,153.0,187.0,177.0,245.0,180.0,252.0,1
258.0,420.0,345.0,372.0,388.0,258.0,404.0,165.0,432.0,104.0,341.0,183.0,345.0,145.0,336.0,227.0,325.0,232.0,266.0,188.0,278.0,148.0,284.0,248.0,273.0,244.0,204.0,204.0,203.0,154.0,229.0,245.0,225.0,250.0,147.0,219.0,146.0,186.0,170.0,242.0,172.0,250.0,1
253.0,420.0,341.0,372.0,380.0,258.0,394.0,163.0,420.0,100.0,330.0,181.0,334.0,148.0,326.0,229.0,314.0,238.0,258.0,185.0,263.0,152.0,270.0,251.0,265.0,251.0,196.0,202.0,192.0,159.0,218.0,250.0,221.0,259.0,139.0,221.0,133.0,191.0,157.0,246.0,164.0,254.0,1
248.0,415.0,335.0,364.0,374.0,250.0,385.0,156.0,412.0,90.0,317.0,176.0,318.0,155.0,312.0,234.0,302.0,236.0,242.0,185.0,246.0,166.0,258.0,264.0,254.0,254.0,180.0,206.0,174.0,174.0,202.0,259.0,207.0,261.0,125.0,225.0,112.0,200.0,136.0,248.0,147.0,252.0,1
247.0,411.0,333.0,365.0,375.0,250.0,389.0,155.0,416.0,90.0,314.0,178.0,315.0,158.0,310.0,234.0,301.0,238.0,241.0,186.0,242.0,166.0,256.0,261.0,257.0,255.0,179.0,204.0,168.0,172.0,197.0,257.0,209.0,261.0,124.0,222.0,108.0,197.0,134.0,248.0,149.0,254.0,1
163.0,407.0,273.0,360.0,339.0,260.0,378.0,174.0,419.0,108.0,299.0,178.0,329.0,133.0,305.0,208.0,282.0,266.0,233.0,171.0,263.0,122.0,244.0,218.0,231.0,280.0,165.0,177.0,189.0,137.0,189.0,234.0,185.0,292.0,96.0,190.0,113.0,150.0,128.0,218.0,135.0,261.0,1
106.0,310.0,183.0,262.0,236.0,189.0,266.0,125.0,288.0,76.0,211.0,106.0,228.0,59.0,218.0,132.0,204.0,146.0,166.0,103.0,181.0,62.0,182.0,143.0,173.0,150.0,122.0,113.0,135.0,73.0,140.0,151.0,131.0,164.0,74.0,127.0,88.0,100.0,101.0,150.0,96.0,164.0,1
134.0,402.0,229.0,383.0,312.0,281.0,354.0,188.0,394.0,121.0,280.0,193.0,303.0,148.0,271.0,220.0,245.0,274.0,208.0,178.0,230.0,123.0,207.0,225.0,194.0,290.0,135.0,179.0,145.0,136.0,144.0,240.0,146.0,301.0,60.0,191.0,69.0,151.0,85.0,227.0,98.0,272.0,1
133.0,417.0,237.0,383.0,313.0,280.0,356.0,191.0,395.0,125.0,278.0,191.0,297.0,147.0,269.0,220.0,249.0,277.0,209.0,179.0,232.0,126.0,207.0,225.0,193.0,289.0,138.0,181.0,148.0,139.0,145.0,241.0,145.0,298.0,66.0,195.0,72.0,158.0,88.0,230.0,100.0,272.0,1
189.0,385.0,303.0,333.0,382.0,237.0,429.0,160.0,473.0,100.0,348.0,150.0,382.0,110.0,355.0,182.0,329.0,234.0,285.0,137.0,323.0,90.0,295.0,182.0,276.0,244.0,218.0,136.0,249.0,97.0,236.0,195.0,226.0,255.0,146.0,143.0,177.0,101.0,183.0,172.0,183.0,219.0,1
208.0,326.0,310.0,273.0,374.0,196.0,419.0,129.0,455.0,75.0,345.0,117.0,371.0,78.0,347.0,142.0,324.0,188.0,290.0,106.0,321.0,56.0,300.0,138.0,284.0,196.0,235.0,105.0,261.0,64.0,253.0,147.0,245.0,201.0,178.0,116.0,206.0,75.0,210.0,136.0,207.0,179.0,1
228.0,294.0,329.0,252.0,392.0,177.0,434.0,109.0,474.0,57.0,375.0,103.0,403.0,65.0,371.0,124.0,345.0,171.0,321.0,90.0,350.0,46.0,321.0,121.0,302.0,177.0,265.0,87.0,287.0,51.0,273.0,131.0,264.0,184.0,205.0,91.0,230.0,54.0,230.0,117.0,228.0,159.0,1
229.0,315.0,330.0,279.0,396.0,209.0,443.0,148.0,482.0,99.0,377.0,140.0,402.0,102.0,374.0,159.0,350.0,199.0,325.0,126.0,353.0,83.0,325.0,155.0,304.0,203.0,273.0,120.0,292.0,84.0,276.0,161.0,264.0,209.0,218.0,120.0,239.0,85.0,237.0,143.0,234.0,182.0,1
256.0,343.0,343.0,300.0,398.0,204.0,425.0,125.0,455.0,67.0,363.0,142.0,382.0,102.0,360.0,169.0,345.0,217.0,308.0,137.0,322.0,94.0,310.0,177.0,302.0,232.0,254.0,143.0,258.0,108.0,261.0,192.0,264.0,243.0,200.0,157.0,204.0,123.0,218.0,182.0,227.0,220.0,1
283.0,340.0,368.0,292.0,421.0,203.0,447.0,133.0,470.0,76.0,380.0,141.0,397.0,101.0,385.0,160.0,372.0,206.0,326.0,138.0,343.0,99.0,337.0,173.0,331.0,225.0,273.0,146.0,285.0,114.0,291.0,189.0,294.0,237.0,221.0,160.0,234.0,126.0,249.0,179.0,258.0,216.0,1
312.0,321.0,396.0,275.0,445.0,188.0,470.0,118.0,493.0,62.0,407.0,129.0,422.0,88.0,409.0,147.0,396.0,192.0,354.0,129.0,367.0,86.0,361.0,161.0,357.0,212.0,303.0,137.0,311.0,104.0,319.0,179.0,324.0,224.0,252.0,150.0,262.0,117.0,277.0,171.0,288.0,207.0,1
905.0,1273.0,1134.0,1159.0,1301.0,975.0,1369.0,803.0,1431.0,680.0,1266.0,780.0,1283.0,644.0,1214.0,789.0,1166.0,899.0,1113.0,734.0,1153.0,613.0,1105.0,819.0,1080.0,953.0,969.0,715.0,991.0,649.0,977.0,854.0,970.0,972.0,815.0,713.0,852.0,669.0,870.0,832.0,875.0,921.0,1
289.0,381.0,345.0,350.0,386.0,293.0,400.0,243.0,413.0,213.0,365.0,234.0,375.0,208.0,366.0,251.0,359.0,276.0,330.0,237.0,342.0,214.0,336.0,266.0,332.0,291.0,297.0,247.0,307.0,230.0,306.0,280.0,304.0,303.0,263.0,261.0,275.0,247.0,279.0,282.0,280.0,300.0,1
171.0,268.0,226.0,232.0,259.0,172.0,277.0,123.0,294.0,87.0,236.0,133.0,245.0,96.0,237.0,140.0,229.0,165.0,200.0,132.0,207.0,95.0,205.0,150.0,202.0,175.0,165.0,137.0,171.0,101.0,176.0,156.0,177.0,182.0,129.0,146.0,138.0,115.0,147.0,152.0,150.0,173.0,1
172.0,266.0,225.0,236.0,260.0,177.0,279.0,126.0,295.0,89.0,239.0,136.0,247.0,99.0,236.0,142.0,228.0,165.0,203.0,133.0,208.0,96.0,205.0,151.0,204.0,175.0,168.0,137.0,172.0,100.0,176.0,156.0,180.0,182.0,132.0,145.0,139.0,114.0,148.0,154.0,151.0,177.0,1
168.0,264.0,220.0,233.0,254.0,175.0,273.0,126.0,288.0,89.0,231.0,133.0,237.0,96.0,230.0,137.0,224.0,162.0,196.0,130.0,201.0,97.0,199.0,150.0,198.0,174.0,161.0,134.0,165.0,99.0,170.0,153.0,172.0,181.0,125.0,143.0,131.0,112.0,142.0,148.0,146.0,172.0,1
159.0,261.0,210.0,234.0,244.0,174.0,261.0,122.0,276.0,84.0,223.0,130.0,228.0,94.0,218.0,138.0,211.0,160.0,187.0,126.0,188.0,95.0,186.0,150.0,186.0,170.0,151.0,129.0,153.0,96.0,158.0,152.0,161.0,176.0,115.0,137.0,119.0,110.0,129.0,148.0,134.0,170.0,1
198.0,288.0,252.0,256.0,290.0,201.0,310.0,151.0,331.0,116.0,274.0,153.0,287.0,122.0,278.0,161.0,270.0,184.0,239.0,147.0,249.0,118.0,244.0,169.0,240.0,191.0,201.0,149.0,213.0,119.0,214.0,172.0,212.0,198.0,161.0,157.0,175.0,127.0,184.0,164.0,185.0,187.0,1
225.0,295.0,283.0,266.0,323.0,214.0,345.0,169.0,363.0,134.0,307.0,173.0,319.0,140.0,307.0,177.0,295.0,200.0,273.0,166.0,285.0,134.0,277.0,185.0,269.0,208.0,238.0,166.0,250.0,132.0,248.0,185.0,244.0,212.0,202.0,171.0,216.0,142.0,221.0,179.0,219.0,201.0,1
218.0,279.0,271.0,248.0,306.0,196.0,328.0,150.0,345.0,115.0,286.0,155.0,299.0,123.0,286.0,159.0,274.0,179.0,253.0,149.0,261.0,120.0,254.0,170.0,249.0,190.0,219.0,151.0,225.0,123.0,227.0,174.0,227.0,199.0,185.0,158.0,192.0,133.0,200.0,169.0,202.0,190.0,1
207.0,258.0,263.0,235.0,312.0,165.0,337.0,105.0,333.0,53.0,274.0,108.0,289.0,73.0,278.0,127.0,262.0,167.0,229.0,103.0,240.0,60.0,234.0,130.0,229.0,171.0,184.0,108.0,187.0,68.0,192.0,134.0,193.0,169.0,139.0,120.0,146.0,89.0,155.0,132.0,159.0,158.0,1
206.0,271.0,268.0,243.0,313.0,167.0,332.0,100.0,331.0,45.0,278.0,105.0,289.0,73.0,276.0,131.0,262.0,169.0,232.0,102.0,242.0,63.0,235.0,134.0,230.0,174.0,186.0,109.0,189.0,69.0,196.0,137.0,197.0,173.0,140.0,124.0,147.0,89.0,161.0,135.0,166.0,161.0,1
205.0,283.0,268.0,248.0,308.0,172.0,326.0,107.0,324.0,53.0,274.0,113.0,285.0,78.0,270.0,135.0,257.0,173.0,228.0,110.0,236.0,70.0,231.0,141.0,228.0,179.0,182.0,117.0,184.0,74.0,191.0,142.0,194.0,179.0,136.0,132.0,141.0,97.0,156.0,142.0,162.0,167.0,1
207.0,287.0,271.0,249.0,313.0,176.0,332.0,111.0,329.0,56.0,277.0,113.0,289.0,83.0,277.0,140.0,264.0,177.0,230.0,111.0,242.0,74.0,238.0,145.0,231.0,185.0,184.0,119.0,188.0,80.0,196.0,149.0,197.0,187.0,137.0,136.0,143.0,100.0,159.0,147.0,165.0,174.0,1
230.0,293.0,294.0,259.0,342.0,188.0,361.0,126.0,359.0,73.0,305.0,127.0,319.0,96.0,305.0,151.0,289.0,190.0,259.0,122.0,272.0,85.0,263.0,155.0,256.0,194.0,212.0,127.0,219.0,89.0,222.0,155.0,221.0,190.0,165.0,139.0,175.0,105.0,187.0,151.0,189.0,177.0,1
247.0,298.0,311.0,267.0,362.0,197.0,385.0,135.0,384.0,81.0,326.0,136.0,341.0,105.0,325.0,157.0,309.0,194.0,281.0,130.0,296.0,92.0,285.0,160.0,277.0,198.0,235.0,133.0,244.0,96.0,245.0,161.0,244.0,196.0,189.0,145.0,201.0,112.0,210.0,157.0,213.0,182.0,1
255.0,298.0,318.0,269.0,366.0,195.0,389.0,130.0,391.0,76.0,330.0,133.0,344.0,101.0,330.0,157.0,315.0,194.0,286.0,127.0,301.0,91.0,292.0,159.0,283.0,197.0,241.0,132.0,247.0,95.0,252.0,161.0,251.0,196.0,194.0,145.0,202.0,114.0,215.0,158.0,219.0,182.0,1
263.0,299.0,323.0,267.0,370.0,194.0,394.0,129.0,395.0,75.0,335.0,134.0,350.0,103.0,336.0,158.0,321.0,192.0,291.0,129.0,307.0,92.0,299.0,159.0,288.0,195.0,246.0,134.0,254.0,96.0,260.0,164.0,259.0,200.0,201.0,147.0,208.0,116.0,222.0,161.0,228.0,186.0,1
264.0,300.0,325.0,268.0,372.0,194.0,395.0,129.0,397.0,74.0,337.0,134.0,351.0,102.0,336.0,158.0,320.0,194.0,292.0,129.0,309.0,92.0,300.0,160.0,291.0,197.0,248.0,135.0,256.0,97.0,261.0,163.0,260.0,198.0,203.0,148.0,211.0,117.0,224.0,161.0,228.0,186.0,1
262.0,302.0,324.0,268.0,369.0,192.0,392.0,127.0,394.0,74.0,332.0,136.0,347.0,102.0,332.0,157.0,316.0,193.0,288.0,132.0,303.0,92.0,295.0,158.0,286.0,195.0,244.0,138.0,252.0,97.0,257.0,161.0,256.0,196.0,199.0,151.0,208.0,116.0,221.0,159.0,225.0,185.0,1
275.0,366.0,343.0,356.0,393.0,280.0,414.0,214.0,439.0,174.0,370.0,218.0,378.0,186.0,362.0,249.0,357.0,252.0,323.0,211.0,334.0,183.0,323.0,255.0,318.0,250.0,279.0,214.0,286.0,183.0,284.0,252.0,279.0,254.0,235.0,217.0,244.0,199.0,248.0,247.0,245.0,251.0,1
857.0,1315.0,1003.0,1155.0,1061.0,983.0,1055.0,817.0,1032.0,681.0,978.0,813.0,1011.0,723.0,1024.0,851.0,1018.0,959.0,881.0,826.0,934.0,747.0,948.0,903.0,943.0,1035.0,788.0,848.0,851.0,793.0,874.0,941.0,872.0,1059.0,698.0,881.0,756.0,828.0,788.0,923.0,787.0,999.0,1
265.0,382.0,336.0,362.0,386.0,286.0,407.0,221.0,432.0,180.0,363.0,226.0,373.0,197.0,357.0,251.0,350.0,257.0,320.0,218.0,330.0,190.0,318.0,256.0,311.0,259.0,275.0,219.0,281.0,187.0,278.0,251.0,275.0,258.0,228.0,225.0,237.0,203.0,241.0,248.0,240.0,257.0,1
253.0,378.0,322.0,355.0,373.0,277.0,392.0,210.0,412.0,171.0,345.0,219.0,353.0,186.0,338.0,244.0,331.0,252.0,298.0,211.0,306.0,181.0,298.0,249.0,293.0,251.0,253.0,214.0,258.0,179.0,261.0,244.0,258.0,252.0,208.0,220.0,217.0,197.0,225.0,240.0,223.0,250.0,1
265.0,380.0,335.0,360.0,387.0,282.0,409.0,215.0,431.0,176.0,359.0,224.0,367.0,189.0,354.0,245.0,348.0,252.0,314.0,216.0,322.0,183.0,313.0,249.0,308.0,251.0,270.0,217.0,276.0,180.0,277.0,246.0,274.0,255.0,225.0,220.0,235.0,196.0,240.0,243.0,238.0,254.0,1
291.0,381.0,360.0,358.0,412.0,278.0,433.0,209.0,455.0,170.0,383.0,221.0,389.0,185.0,374.0,244.0,370.0,250.0,335.0,215.0,343.0,182.0,334.0,250.0,331.0,249.0,291.0,218.0,296.0,183.0,298.0,248.0,299.0,253.0,249.0,221.0,255.0,199.0,261.0,245.0,263.0,253.0,1
297.0,381.0,364.0,356.0,413.0,276.0,435.0,209.0,454.0,168.0,381.0,222.0,391.0,187.0,377.0,243.0,369.0,252.0,337.0,216.0,346.0,181.0,340.0,248.0,334.0,253.0,294.0,219.0,299.0,184.0,304.0,249.0,302.0,259.0,251.0,226.0,259.0,200.0,267.0,245.0,267.0,256.0,1
294.0,376.0,362.0,347.0,407.0,268.0,427.0,201.0,447.0,162.0,377.0,215.0,383.0,179.0,370.0,238.0,365.0,245.0,330.0,210.0,338.0,178.0,333.0,244.0,329.0,243.0,287.0,217.0,291.0,180.0,297.0,243.0,296.0,248.0,245.0,222.0,251.0,198.0,260.0,240.0,259.0,248.0,1
283.0,375.0,352.0,347.0,396.0,266.0,416.0,199.0,436.0,159.0,366.0,210.0,370.0,176.0,359.0,235.0,354.0,243.0,318.0,206.0,324.0,176.0,320.0,243.0,317.0,245.0,275.0,212.0,278.0,176.0,285.0,241.0,284.0,250.0,233.0,218.0,240.0,196.0,249.0,239.0,249.0,248.0,1
296.0,379.0,364.0,352.0,411.0,273.0,431.0,207.0,453.0,168.0,381.0,219.0,388.0,185.0,377.0,240.0,372.0,247.0,336.0,213.0,342.0,183.0,337.0,248.0,332.0,249.0,292.0,217.0,297.0,180.0,301.0,245.0,299.0,255.0,249.0,224.0,257.0,200.0,265.0,245.0,266.0,256.0,1
294.0,379.0,362.0,353.0,411.0,273.0,430.0,208.0,448.0,167.0,377.0,220.0,386.0,184.0,372.0,239.0,364.0,250.0,333.0,214.0,342.0,179.0,334.0,246.0,329.0,253.0,290.0,217.0,295.0,182.0,299.0,246.0,297.0,259.0,247.0,224.0,254.0,198.0,263.0,242.0,264.0,255.0,1
303.0,353.0,376.0,330.0,423.0,254.0,444.0,190.0,474.0,156.0,396.0,195.0,407.0,166.0,391.0,218.0,382.0,228.0,350.0,187.0,365.0,152.0,354.0,215.0,345.0,223.0,306.0,191.0,316.0,156.0,316.0,219.0,310.0,231.0,262.0,198.0,276.0,171.0,282.0,214.0,278.0,225.0,1
724.0,1437.0,924.0,1328.0,1041.0,1152.0,1085.0,996.0,1141.0,905.0,982.0,1008.0,965.0,878.0,923.0,1019.0,897.0,1140.0,848.0,987.0,829.0,860.0,817.0,1039.0,823.0,1181.0,734.0,992.0,719.0,902.0,732.0,1069.0,745.0,1187.0,625.0,1014.0,621.0,955.0,641.0,1080.0,658.0,1169.0,1
567.0,1204.0,791.0,1085.0,935.0,938.0,1005.0,790.0,1088.0,692.0,885.0,803.0,922.0,685.0,878.0,776.0,840.0,862.0,771.0,771.0,815.0,648.0,781.0,774.0,754.0,878.0,658.0,763.0,697.0,665.0,683.0,811.0,675.0,915.0,543.0,779.0,590.0,693.0,600.0,806.0,604.0,892.0,1
271.0,340.0,349.0,297.0,409.0,218.0,437.0,157.0,469.0,123.0,385.0,175.0,401.0,144.0,377.0,200.0,370.0,201.0,335.0,174.0,362.0,136.0,342.0,201.0,333.0,201.0,288.0,185.0,309.0,148.0,305.0,211.0,296.0,217.0,241.0,195.0,259.0,173.0,265.0,212.0,264.0,218.0,1
300.0,352.0,370.0,321.0,415.0,241.0,438.0,178.0,462.0,144.0,386.0,191.0,394.0,153.0,382.0,211.0,374.0,218.0,341.0,186.0,353.0,144.0,348.0,210.0,340.0,215.0,298.0,193.0,307.0,151.0,313.0,216.0,307.0,225.0,255.0,199.0,267.0,173.0,276.0,214.0,273.0,225.0,1
303.0,350.0,371.0,321.0,420.0,242.0,439.0,180.0,463.0,145.0,387.0,190.0,398.0,156.0,383.0,214.0,374.0,218.0,340.0,185.0,358.0,145.0,349.0,211.0,340.0,214.0,298.0,191.0,309.0,153.0,314.0,217.0,307.0,224.0,257.0,197.0,269.0,173.0,279.0,216.0,274.0,224.0,1
305.0,347.0,374.0,322.0,420.0,247.0,442.0,183.0,469.0,150.0,393.0,195.0,402.0,160.0,387.0,214.0,379.0,222.0,349.0,188.0,362.0,147.0,353.0,211.0,345.0,220.0,307.0,191.0,314.0,151.0,316.0,214.0,312.0,227.0,264.0,196.0,275.0,167.0,281.0,211.0,280.0,224.0,1
306.0,346.0,374.0,322.0,424.0,249.0,446.0,185.0,472.0,151.0,394.0,196.0,404.0,161.0,387.0,215.0,379.0,224.0,352.0,189.0,365.0,147.0,353.0,212.0,346.0,223.0,310.0,191.0,318.0,151.0,317.0,216.0,314.0,230.0,268.0,195.0,278.0,167.0,283.0,211.0,281.0,224.0,1
311.0,347.0,379.0,324.0,428.0,250.0,451.0,187.0,477.0,154.0,400.0,198.0,410.0,164.0,394.0,217.0,386.0,225.0,357.0,189.0,371.0,149.0,360.0,213.0,352.0,222.0,316.0,192.0,324.0,152.0,324.0,215.0,319.0,229.0,274.0,196.0,285.0,169.0,290.0,212.0,288.0,225.0,1
312.0,345.0,381.0,323.0,431.0,250.0,453.0,188.0,478.0,154.0,402.0,198.0,413.0,163.0,395.0,216.0,387.0,226.0,360.0,191.0,373.0,148.0,361.0,213.0,354.0,226.0,319.0,192.0,327.0,151.0,326.0,217.0,321.0,233.0,277.0,196.0,287.0,168.0,292.0,212.0,290.0,226.0,1
324.0,341.0,392.0,317.0,437.0,247.0,459.0,188.0,483.0,156.0,413.0,197.0,424.0,164.0,410.0,214.0,400.0,223.0,372.0,188.0,388.0,150.0,377.0,209.0,367.0,220.0,332.0,191.0,343.0,150.0,343.0,212.0,335.0,229.0,289.0,196.0,305.0,166.0,310.0,209.0,305.0,225.0,1
331.0,343.0,397.0,319.0,443.0,248.0,463.0,190.0,487.0,159.0,416.0,199.0,428.0,165.0,413.0,216.0,404.0,223.0,375.0,191.0,392.0,152.0,381.0,212.0,371.0,220.0,336.0,194.0,347.0,153.0,348.0,214.0,340.0,227.0,295.0,198.0,309.0,170.0,315.0,212.0,311.0,225.0,1
273.0,377.0,362.0,352.0,417.0,267.0,447.0,197.0,478.0,148.0,384.0,209.0,403.0,170.0,380.0,227.0,359.0,271.0,335.0,201.0,350.0,164.0,333.0,239.0,322.0,293.0,284.0,201.0,294.0,167.0,292.0,246.0,288.0,295.0,231.0,203.0,246.0,174.0,254.0,228.0,258.0,263.0,1
659.0,1241.0,978.0,1203.0,1233.0,1002.0,1326.0,761.0,1386.0,571.0,1118.0,660.0,1191.0,467.0,1138.0,665.0,1083.0,847.0,933.0,586.0,1003.0,365.0,957.0,641.0,917.0,865.0,742.0,548.0,800.0,365.0,786.0,664.0,771.0,881.0,537.0,543.0,599.0,428.0,631.0,654.0,643.0,824.0,1
243.0,395.0,344.0,342.0,417.0,257.0,459.0,184.0,493.0,128.0,391.0,195.0,414.0,144.0,386.0,202.0,366.0,248.0,341.0,194.0,357.0,152.0,335.0,227.0,321.0,279.0,290.0,199.0,301.0,161.0,290.0,235.0,284.0,286.0,237.0,210.0,250.0,172.0,252.0,221.0,254.0,257.0,1
278.0,395.0,372.0,354.0,431.0,271.0,458.0,198.0,484.0,143.0,402.0,207.0,418.0,155.0,393.0,217.0,374.0,265.0,351.0,202.0,362.0,157.0,347.0,233.0,337.0,285.0,302.0,203.0,309.0,161.0,305.0,238.0,303.0,288.0,254.0,212.0,263.0,169.0,266.0,221.0,269.0,259.0,1
285.0,388.0,373.0,351.0,431.0,269.0,463.0,199.0,491.0,146.0,398.0,205.0,413.0,156.0,392.0,212.0,374.0,258.0,348.0,199.0,361.0,155.0,347.0,229.0,339.0,282.0,300.0,200.0,308.0,161.0,307.0,235.0,307.0,286.0,251.0,207.0,262.0,168.0,268.0,219.0,273.0,256.0,1
290.0,390.0,377.0,353.0,434.0,271.0,463.0,201.0,490.0,149.0,400.0,206.0,416.0,159.0,395.0,214.0,378.0,260.0,352.0,200.0,367.0,157.0,351.0,229.0,341.0,283.0,304.0,201.0,314.0,163.0,311.0,237.0,309.0,287.0,254.0,209.0,265.0,170.0,272.0,221.0,277.0,258.0,1
290.0,385.0,376.0,350.0,435.0,269.0,462.0,198.0,485.0,144.0,399.0,204.0,414.0,156.0,395.0,211.0,380.0,258.0,352.0,198.0,368.0,154.0,353.0,227.0,343.0,281.0,304.0,199.0,316.0,159.0,313.0,235.0,312.0,287.0,254.0,208.0,267.0,168.0,274.0,221.0,279.0,260.0,1
292.0,383.0,377.0,347.0,433.0,263.0,459.0,192.0,479.0,137.0,396.0,199.0,412.0,152.0,397.0,207.0,383.0,254.0,349.0,194.0,365.0,153.0,354.0,225.0,346.0,278.0,301.0,197.0,313.0,160.0,314.0,234.0,314.0,286.0,251.0,206.0,265.0,170.0,275.0,222.0,280.0,260.0,1
293.0,385.0,378.0,349.0,435.0,265.0,462.0,195.0,485.0,142.0,400.0,201.0,416.0,156.0,397.0,213.0,382.0,258.0,352.0,196.0,368.0,152.0,354.0,224.0,346.0,277.0,304.0,199.0,316.0,159.0,315.0,233.0,315.0,285.0,254.0,208.0,268.0,170.0,277.0,221.0,282.0,259.0,1
295.0,386.0,378.0,353.0,437.0,270.0,468.0,200.0,495.0,148.0,405.0,208.0,420.0,158.0,398.0,210.0,381.0,255.0,357.0,201.0,369.0,155.0,354.0,227.0,345.0,281.0,307.0,202.0,316.0,162.0,314.0,236.0,314.0,287.0,257.0,210.0,268.0,169.0,276.0,219.0,281.0,256.0,1
295.0,388.0,380.0,351.0,437.0,270.0,467.0,202.0,493.0,148.0,404.0,206.0,418.0,159.0,396.0,211.0,379.0,258.0,355.0,198.0,366.0,158.0,351.0,231.0,343.0,288.0,305.0,198.0,311.0,164.0,310.0,237.0,313.0,290.0,255.0,206.0,264.0,173.0,273.0,224.0,280.0,261.0,1
243.0,404.0,328.0,368.0,395.0,277.0,421.0,200.0,433.0,134.0,356.0,209.0,377.0,159.0,359.0,226.0,344.0,283.0,304.0,203.0,322.0,160.0,307.0,242.0,298.0,306.0,250.0,205.0,263.0,168.0,258.0,252.0,256.0,313.0,195.0,213.0,209.0,179.0,216.0,238.0,221.0,282.0,1
831.0,1638.0,1027.0,1469.0,1125.0,1278.0,1156.0,1122.0,1187.0,1031.0,1099.0,1054.0,1136.0,854.0,1133.0,896.0,1146.0,913.0,969.0,1067.0,1017.0,941.0,1010.0,1114.0,996.0,1192.0,848.0,1101.0,899.0,1019.0,903.0,1182.0,881.0,1244.0,723.0,1145.0,773.0,1097.0,802.0,1213.0,801.0,1258.0,1
222.0,423.0,315.0,382.0,390.0,286.0,430.0,204.0,447.0,134.0,360.0,214.0,386.0,159.0,361.0,226.0,337.0,287.0,305.0,212.0,329.0,163.0,306.0,245.0,289.0,310.0,246.0,217.0,266.0,176.0,255.0,258.0,248.0,319.0,185.0,228.0,207.0,185.0,209.0,244.0,209.0,293.0,1
236.0,422.0,326.0,381.0,394.0,291.0,424.0,209.0,435.0,137.0,359.0,216.0,381.0,158.0,362.0,224.0,346.0,283.0,305.0,211.0,328.0,159.0,316.0,239.0,306.0,306.0,250.0,212.0,270.0,168.0,268.0,252.0,266.0,316.0,195.0,219.0,213.0,179.0,220.0,240.0,224.0,290.0,1
235.0,424.0,325.0,385.0,392.0,294.0,425.0,213.0,438.0,143.0,360.0,216.0,378.0,159.0,357.0,226.0,341.0,284.0,307.0,212.0,325.0,159.0,309.0,240.0,299.0,306.0,252.0,215.0,268.0,169.0,265.0,251.0,263.0,313.0,199.0,223.0,215.0,177.0,221.0,235.0,224.0,282.0,1
245.0,424.0,337.0,385.0,404.0,296.0,438.0,217.0,450.0,148.0,371.0,222.0,394.0,167.0,372.0,231.0,354.0,288.0,318.0,217.0,342.0,163.0,326.0,241.0,314.0,307.0,264.0,218.0,285.0,170.0,280.0,253.0,275.0,317.0,210.0,224.0,231.0,178.0,236.0,238.0,238.0,289.0,1
255.0,419.0,345.0,374.0,407.0,284.0,434.0,206.0,445.0,137.0,368.0,213.0,390.0,161.0,375.0,226.0,362.0,284.0,315.0,211.0,340.0,162.0,330.0,242.0,321.0,308.0,260.0,213.0,283.0,173.0,284.0,256.0,282.0,319.0,204.0,222.0,227.0,184.0,238.0,245.0,243.0,295.0,1
264.0,419.0,349.0,374.0,407.0,280.0,429.0,200.0,435.0,130.0,371.0,213.0,395.0,156.0,386.0,222.0,376.0,281.0,319.0,213.0,347.0,155.0,340.0,235.0,333.0,301.0,265.0,218.0,290.0,167.0,294.0,251.0,294.0,315.0,208.0,230.0,234.0,184.0,249.0,244.0,255.0,296.0,1
266.0,422.0,352.0,373.0,407.0,281.0,428.0,202.0,437.0,134.0,373.0,213.0,396.0,158.0,387.0,224.0,376.0,284.0,322.0,212.0,350.0,155.0,343.0,233.0,336.0,299.0,268.0,217.0,293.0,169.0,296.0,252.0,296.0,314.0,212.0,230.0,239.0,187.0,251.0,247.0,256.0,298.0,1
264.0,418.0,354.0,367.0,409.0,281.0,431.0,208.0,437.0,141.0,378.0,211.0,400.0,161.0,390.0,221.0,377.0,277.0,330.0,208.0,355.0,150.0,347.0,224.0,337.0,288.0,278.0,212.0,299.0,160.0,300.0,240.0,297.0,301.0,223.0,223.0,245.0,180.0,255.0,237.0,259.0,283.0,1
270.0,415.0,356.0,365.0,412.0,280.0,434.0,207.0,437.0,140.0,378.0,208.0,400.0,158.0,391.0,219.0,378.0,274.0,331.0,205.0,359.0,148.0,351.0,222.0,340.0,286.0,280.0,209.0,302.0,155.0,304.0,236.0,301.0,299.0,225.0,220.0,247.0,176.0,259.0,234.0,263.0,282.0,1
173.0,440.0,271.0,403.0,349.0,302.0,384.0,213.0,389.0,140.0,308.0,228.0,331.0,171.0,305.0,235.0,281.0,292.0,248.0,219.0,264.0,168.0,242.0,254.0,228.0,321.0,190.0,219.0,199.0,177.0,192.0,267.0,190.0,332.0,132.0,227.0,143.0,189.0,147.0,252.0,151.0,298.0,1
745.0,1462.0,1129.0,1259.0,1395.0,1008.0,1495.0,739.0,1598.0,533.0,1261.0,710.0,1351.0,498.0,1308.0,676.0,1249.0,832.0,1061.0,620.0,1169.0,416.0,1130.0,665.0,1085.0,855.0,874.0,575.0,971.0,397.0,952.0,664.0,924.0,850.0,674.0,572.0,776.0,420.0,799.0,626.0,792.0,774.0,1
143.0,457.0,259.0,393.0,341.0,294.0,380.0,205.0,394.0,134.0,318.0,223.0,334.0,157.0,302.0,227.0,277.0,290.0,253.0,227.0,266.0,165.0,238.0,257.0,221.0,328.0,190.0,238.0,196.0,188.0,183.0,278.0,178.0,341.0,127.0,257.0,135.0,205.0,133.0,267.0,133.0,314.0,1
184.0,445.0,281.0,391.0,349.0,296.0,379.0,209.0,377.0,137.0,315.0,224.0,325.0,158.0,302.0,229.0,284.0,290.0,253.0,221.0,257.0,162.0,244.0,256.0,237.0,324.0,194.0,227.0,194.0,173.0,194.0,268.0,195.0,333.0,135.0,238.0,135.0,182.0,144.0,236.0,150.0,280.0,1
179.0,446.0,274.0,405.0,347.0,304.0,380.0,214.0,382.0,138.0,312.0,224.0,325.0,162.0,300.0,234.0,283.0,293.0,253.0,220.0,264.0,161.0,248.0,250.0,239.0,316.0,195.0,224.0,200.0,174.0,199.0,265.0,201.0,328.0,139.0,235.0,143.0,187.0,149.0,249.0,156.0,296.0,1
186.0,445.0,282.0,404.0,354.0,303.0,382.0,214.0,386.0,136.0,315.0,224.0,330.0,164.0,308.0,235.0,295.0,295.0,257.0,222.0,271.0,165.0,257.0,254.0,249.0,321.0,200.0,226.0,206.0,175.0,207.0,268.0,210.0,333.0,142.0,238.0,147.0,192.0,155.0,257.0,163.0,307.0,1
198.0,446.0,291.0,403.0,360.0,302.0,388.0,214.0,390.0,137.0,320.0,224.0,338.0,166.0,319.0,235.0,307.0,295.0,262.0,222.0,281.0,165.0,268.0,252.0,259.0,321.0,205.0,228.0,215.0,178.0,216.0,267.0,219.0,333.0,147.0,242.0,152.0,194.0,163.0,259.0,173.0,311.0,1
195.0,442.0,283.0,399.0,352.0,297.0,382.0,208.0,384.0,131.0,315.0,217.0,328.0,154.0,311.0,226.0,299.0,286.0,259.0,216.0,274.0,156.0,262.0,245.0,254.0,312.0,202.0,222.0,208.0,169.0,210.0,261.0,213.0,325.0,144.0,235.0,148.0,187.0,159.0,252.0,168.0,300.0,1
202.0,416.0,294.0,362.0,356.0,265.0,383.0,181.0,388.0,111.0,315.0,187.0,330.0,128.0,319.0,199.0,309.0,255.0,264.0,187.0,279.0,132.0,273.0,216.0,267.0,277.0,209.0,195.0,220.0,140.0,225.0,228.0,227.0,290.0,153.0,210.0,165.0,163.0,178.0,225.0,185.0,273.0,1
220.0,412.0,309.0,358.0,368.0,264.0,393.0,186.0,407.0,120.0,336.0,193.0,359.0,137.0,344.0,199.0,328.0,253.0,283.0,190.0,308.0,134.0,297.0,214.0,285.0,273.0,227.0,195.0,248.0,140.0,248.0,226.0,245.0,287.0,167.0,207.0,191.0,160.0,203.0,221.0,207.0,268.0,1
227.0,407.0,316.0,356.0,376.0,265.0,401.0,189.0,412.0,123.0,342.0,196.0,368.0,140.0,351.0,200.0,333.0,256.0,291.0,193.0,319.0,137.0,304.0,214.0,291.0,277.0,237.0,197.0,261.0,143.0,258.0,227.0,254.0,290.0,180.0,209.0,205.0,163.0,216.0,222.0,220.0,271.0,1
271.0,379.0,348.0,344.0,411.0,266.0,441.0,202.0,468.0,158.0,393.0,195.0,416.0,140.0,396.0,210.0,379.0,235.0,342.0,188.0,359.0,147.0,347.0,228.0,337.0,234.0,288.0,191.0,306.0,148.0,302.0,226.0,293.0,233.0,233.0,199.0,254.0,168.0,258.0,222.0,248.0,236.0,1
817.0,1495.0,1030.0,1381.0,1168.0,1232.0,1244.0,1104.0,1310.0,995.0,1105.0,967.0,1125.0,967.0,1108.0,1136.0,1089.0,1195.0,971.0,925.0,1017.0,968.0,1016.0,1166.0,999.0,1234.0,848.0,925.0,887.0,975.0,909.0,1153.0,901.0,1207.0,725.0,944.0,767.0,1002.0,796.0,1126.0,793.0,1156.0,1
270.0,361.0,343.0,329.0,423.0,254.0,455.0,192.0,479.0,149.0,390.0,199.0,421.0,155.0,402.0,202.0,387.0,209.0,344.0,188.0,378.0,147.0,360.0,206.0,349.0,208.0,299.0,186.0,327.0,146.0,317.0,209.0,305.0,219.0,250.0,190.0,283.0,159.0,280.0,205.0,269.0,219.0,1
297.0,341.0,366.0,312.0,423.0,251.0,453.0,196.0,474.0,153.0,407.0,185.0,431.0,140.0,414.0,199.0,399.0,220.0,364.0,176.0,387.0,139.0,374.0,208.0,362.0,215.0,319.0,175.0,342.0,142.0,336.0,208.0,325.0,217.0,273.0,180.0,300.0,152.0,300.0,197.0,288.0,210.0,1
302.0,332.0,369.0,307.0,429.0,244.0,459.0,187.0,484.0,147.0,410.0,179.0,437.0,134.0,421.0,194.0,406.0,213.0,368.0,171.0,393.0,135.0,381.0,203.0,366.0,210.0,324.0,170.0,348.0,136.0,342.0,202.0,329.0,211.0,277.0,174.0,304.0,146.0,305.0,193.0,293.0,206.0,1
309.0,338.0,375.0,314.0,434.0,243.0,461.0,183.0,477.0,138.0,412.0,174.0,432.0,130.0,418.0,193.0,404.0,208.0,365.0,169.0,384.0,133.0,376.0,203.0,366.0,205.0,319.0,172.0,337.0,139.0,337.0,206.0,330.0,210.0,274.0,179.0,297.0,156.0,300.0,201.0,290.0,209.0,1
309.0,345.0,374.0,317.0,432.0,244.0,457.0,183.0,475.0,139.0,408.0,174.0,427.0,133.0,414.0,197.0,401.0,208.0,360.0,171.0,379.0,137.0,373.0,208.0,362.0,207.0,314.0,176.0,332.0,142.0,335.0,210.0,326.0,212.0,269.0,184.0,293.0,161.0,298.0,206.0,287.0,215.0,1
310.0,345.0,376.0,317.0,433.0,243.0,458.0,182.0,474.0,136.0,410.0,175.0,429.0,132.0,418.0,195.0,404.0,211.0,363.0,171.0,382.0,136.0,376.0,207.0,363.0,210.0,317.0,176.0,335.0,143.0,337.0,212.0,327.0,219.0,270.0,184.0,294.0,160.0,299.0,207.0,289.0,218.0,1
309.0,346.0,377.0,318.0,433.0,244.0,458.0,184.0,475.0,140.0,409.0,175.0,430.0,134.0,418.0,196.0,403.0,210.0,362.0,171.0,381.0,137.0,375.0,208.0,363.0,209.0,315.0,176.0,334.0,144.0,336.0,213.0,326.0,216.0,269.0,185.0,293.0,162.0,299.0,208.0,288.0,217.0,1
314.0,345.0,380.0,316.0,437.0,242.0,461.0,181.0,478.0,135.0,412.0,174.0,433.0,131.0,422.0,193.0,409.0,209.0,365.0,170.0,387.0,135.0,381.0,207.0,366.0,210.0,319.0,175.0,340.0,143.0,341.0,212.0,330.0,217.0,272.0,184.0,297.0,160.0,304.0,207.0,293.0,217.0,1
312.0,348.0,382.0,321.0,440.0,245.0,462.0,183.0,480.0,138.0,415.0,176.0,437.0,135.0,424.0,199.0,410.0,210.0,367.0,172.0,390.0,139.0,382.0,212.0,369.0,210.0,320.0,176.0,342.0,146.0,343.0,216.0,331.0,217.0,273.0,185.0,299.0,163.0,305.0,211.0,292.0,218.0,1
316.0,351.0,384.0,319.0,438.0,242.0,460.0,183.0,476.0,138.0,407.0,173.0,434.0,135.0,427.0,199.0,411.0,213.0,362.0,169.0,391.0,141.0,385.0,213.0,367.0,214.0,316.0,176.0,345.0,150.0,347.0,219.0,330.0,223.0,269.0,189.0,303.0,169.0,310.0,215.0,293.0,224.0,1
966.0,1611.0,1125.0,1503.0,1189.0,1305.0,1157.0,1152.0,1134.0,1085.0,1133.0,1090.0,1128.0,933.0,1131.0,1044.0,1154.0,1150.0,999.0,1129.0,979.0,1080.0,1001.0,1283.0,1037.0,1448.0,887.0,1194.0,869.0,1180.0,908.0,1369.0,948.0,1520.0,786.0,1276.0,780.0,1270.0,825.0,1396.0,873.0,1500.0,1
304.0,380.0,376.0,325.0,433.0,243.0,458.0,182.0,481.0,136.0,401.0,186.0,435.0,148.0,422.0,200.0,400.0,210.0,356.0,180.0,392.0,153.0,384.0,216.0,364.0,212.0,314.0,184.0,347.0,155.0,344.0,217.0,324.0,220.0,270.0,193.0,307.0,170.0,309.0,213.0,291.0,221.0,1
282.0,352.0,355.0,327.0,423.0,249.0,454.0,181.0,482.0,137.0,401.0,176.0,421.0,123.0,405.0,194.0,388.0,212.0,350.0,168.0,371.0,126.0,359.0,207.0,346.0,208.0,298.0,170.0,318.0,127.0,316.0,204.0,305.0,210.0,245.0,176.0,270.0,147.0,275.0,200.0,263.0,210.0,1
317.0,340.0,387.0,308.0,441.0,236.0,466.0,175.0,483.0,128.0,420.0,171.0,441.0,125.0,429.0,187.0,415.0,205.0,373.0,166.0,394.0,131.0,388.0,204.0,375.0,207.0,327.0,169.0,347.0,137.0,347.0,206.0,337.0,211.0,280.0,175.0,305.0,150.0,310.0,199.0,299.0,210.0,1
325.0,343.0,393.0,317.0,450.0,246.0,472.0,182.0,490.0,135.0,426.0,175.0,446.0,130.0,435.0,193.0,424.0,208.0,378.0,172.0,399.0,136.0,392.0,210.0,380.0,211.0,332.0,175.0,353.0,142.0,352.0,212.0,342.0,216.0,285.0,182.0,310.0,156.0,315.0,204.0,304.0,213.0,1
324.0,344.0,392.0,320.0,452.0,249.0,473.0,185.0,492.0,139.0,428.0,176.0,448.0,134.0,434.0,197.0,421.0,209.0,380.0,172.0,399.0,137.0,391.0,209.0,380.0,208.0,334.0,175.0,352.0,142.0,351.0,211.0,343.0,213.0,288.0,182.0,310.0,158.0,313.0,206.0,304.0,213.0,1
330.0,344.0,399.0,319.0,458.0,248.0,481.0,183.0,498.0,136.0,433.0,178.0,453.0,134.0,440.0,197.0,427.0,211.0,386.0,173.0,405.0,137.0,397.0,209.0,385.0,210.0,339.0,176.0,358.0,143.0,357.0,212.0,347.0,215.0,293.0,183.0,315.0,159.0,319.0,206.0,309.0,214.0,1
332.0,345.0,402.0,318.0,462.0,248.0,485.0,183.0,503.0,136.0,435.0,176.0,457.0,134.0,444.0,197.0,430.0,211.0,388.0,171.0,410.0,137.0,402.0,208.0,388.0,208.0,342.0,175.0,363.0,143.0,363.0,211.0,352.0,214.0,295.0,182.0,320.0,159.0,325.0,206.0,313.0,214.0,1
333.0,345.0,402.0,320.0,463.0,251.0,487.0,187.0,504.0,139.0,437.0,177.0,459.0,136.0,446.0,198.0,431.0,212.0,390.0,172.0,411.0,138.0,403.0,209.0,390.0,209.0,344.0,176.0,364.0,143.0,363.0,213.0,353.0,216.0,298.0,183.0,321.0,160.0,325.0,207.0,314.0,215.0,1
331.0,346.0,400.0,322.0,460.0,251.0,483.0,189.0,500.0,143.0,435.0,180.0,456.0,137.0,441.0,201.0,428.0,214.0,387.0,175.0,406.0,140.0,398.0,211.0,387.0,212.0,341.0,179.0,361.0,146.0,359.0,215.0,350.0,218.0,296.0,185.0,319.0,162.0,322.0,209.0,312.0,217.0,1
330.0,337.0,398.0,312.0,457.0,243.0,479.0,182.0,497.0,137.0,429.0,173.0,452.0,132.0,439.0,194.0,423.0,209.0,383.0,169.0,405.0,136.0,397.0,206.0,384.0,206.0,339.0,172.0,360.0,141.0,359.0,209.0,348.0,212.0,294.0,179.0,319.0,157.0,323.0,203.0,310.0,211.0,1
936.0,1537.0,1079.0,1422.0,1120.0,1222.0,1102.0,1084.0,1103.0,1014.0,1078.0,1019.0,1069.0,827.0,1071.0,888.0,1089.0,941.0,964.0,1057.0,942.0,980.0,966.0,1153.0,988.0,1256.0,861.0,1119.0,845.0,1076.0,882.0,1232.0,907.0,1308.0,760.0,1191.0,750.0,1162.0,796.0,1264.0,829.0,1316.0,1
320.0,368.0,394.0,318.0,455.0,245.0,477.0,184.0,502.0,137.0,424.0,175.0,452.0,135.0,435.0,194.0,418.0,206.0,378.0,171.0,408.0,140.0,397.0,210.0,384.0,204.0,335.0,175.0,362.0,143.0,357.0,211.0,347.0,211.0,291.0,184.0,319.0,158.0,320.0,207.0,310.0,215.0,1
336.0,345.0,405.0,312.0,461.0,245.0,486.0,184.0,502.0,136.0,434.0,174.0,462.0,132.0,449.0,195.0,433.0,210.0,389.0,169.0,417.0,139.0,407.0,211.0,391.0,211.0,345.0,172.0,371.0,142.0,367.0,212.0,353.0,215.0,298.0,178.0,327.0,154.0,330.0,202.0,315.0,213.0,1
284.0,349.0,358.0,330.0,426.0,253.0,453.0,182.0,481.0,137.0,398.0,175.0,423.0,127.0,407.0,194.0,388.0,214.0,348.0,167.0,370.0,125.0,362.0,208.0,347.0,216.0,297.0,168.0,318.0,130.0,318.0,209.0,306.0,220.0,245.0,177.0,272.0,147.0,278.0,201.0,264.0,213.0,1
288.0,359.0,360.0,334.0,426.0,255.0,454.0,187.0,479.0,141.0,400.0,181.0,422.0,129.0,408.0,200.0,394.0,219.0,350.0,174.0,370.0,131.0,362.0,212.0,351.0,218.0,299.0,177.0,319.0,136.0,318.0,214.0,310.0,220.0,247.0,184.0,271.0,156.0,276.0,209.0,265.0,219.0,1
289.0,363.0,363.0,335.0,428.0,255.0,455.0,189.0,480.0,144.0,402.0,181.0,427.0,132.0,412.0,203.0,396.0,219.0,351.0,175.0,373.0,133.0,365.0,213.0,351.0,217.0,300.0,178.0,321.0,137.0,321.0,215.0,310.0,221.0,247.0,186.0,273.0,158.0,278.0,211.0,267.0,221.0,1
293.0,367.0,368.0,337.0,432.0,259.0,459.0,192.0,484.0,146.0,406.0,185.0,430.0,137.0,417.0,207.0,403.0,223.0,354.0,179.0,378.0,138.0,370.0,220.0,355.0,224.0,303.0,182.0,326.0,142.0,326.0,221.0,313.0,226.0,251.0,191.0,277.0,162.0,283.0,215.0,270.0,225.0,1
289.0,365.0,365.0,335.0,430.0,258.0,458.0,192.0,482.0,146.0,403.0,184.0,428.0,138.0,413.0,207.0,396.0,224.0,352.0,178.0,375.0,138.0,366.0,217.0,352.0,223.0,302.0,181.0,323.0,143.0,322.0,220.0,311.0,228.0,250.0,189.0,275.0,162.0,280.0,214.0,269.0,226.0,1
286.0,362.0,360.0,332.0,422.0,259.0,450.0,195.0,475.0,152.0,397.0,187.0,421.0,142.0,404.0,209.0,388.0,226.0,347.0,181.0,368.0,143.0,359.0,219.0,347.0,224.0,298.0,185.0,319.0,147.0,316.0,221.0,306.0,228.0,248.0,192.0,273.0,164.0,277.0,214.0,266.0,225.0,1
295.0,345.0,364.0,318.0,424.0,250.0,453.0,190.0,475.0,148.0,403.0,181.0,428.0,135.0,414.0,198.0,400.0,216.0,359.0,174.0,384.0,138.0,374.0,210.0,360.0,213.0,315.0,174.0,339.0,139.0,334.0,209.0,323.0,215.0,268.0,179.0,296.0,150.0,297.0,199.0,283.0,211.0,1
1300.0,1476.0,1492.0,1339.0,1626.0,1131.0,1717.0,938.0,1871.0,863.0,1603.0,898.0,1671.0,840.0,1649.0,1025.0,1614.0,1136.0,1479.0,863.0,1595.0,812.0,1580.0,1047.0,1554.0,1182.0,1354.0,862.0,1474.0,839.0,1486.0,1055.0,1473.0,1190.0,1222.0,887.0,1334.0,883.0,1374.0,1051.0,1379.0,1152.0,1
289.0,381.0,345.0,350.0,386.0,293.0,400.0,243.0,413.0,213.0,365.0,234.0,375.0,208.0,366.0,251.0,359.0,276.0,330.0,237.0,342.0,214.0,336.0,266.0,332.0,291.0,297.0,247.0,307.0,230.0,306.0,280.0,304.0,303.0,263.0,261.0,275.0,247.0,279.0,282.0,280.0,300.0,1
217.0,191.0,246.0,182.0,270.0,154.0,277.0,124.0,278.0,103.0,257.0,126.0,255.0,107.0,251.0,132.0,253.0,136.0,238.0,124.0,235.0,108.0,235.0,137.0,237.0,137.0,220.0,124.0,217.0,107.0,218.0,135.0,221.0,138.0,202.0,124.0,203.0,112.0,203.0,131.0,204.0,136.0,1
218.0,190.0,247.0,180.0,270.0,154.0,278.0,124.0,277.0,102.0,259.0,126.0,256.0,107.0,251.0,132.0,253.0,137.0,239.0,124.0,235.0,108.0,234.0,136.0,237.0,135.0,221.0,123.0,218.0,106.0,219.0,133.0,222.0,135.0,203.0,123.0,204.0,111.0,204.0,130.0,206.0,135.0,1
221.0,188.0,250.0,178.0,274.0,151.0,281.0,122.0,281.0,101.0,261.0,123.0,260.0,105.0,256.0,129.0,256.0,134.0,242.0,122.0,240.0,106.0,239.0,134.0,241.0,133.0,224.0,121.0,223.0,104.0,223.0,131.0,226.0,133.0,206.0,121.0,208.0,108.0,209.0,127.0,209.0,133.0,1
225.0,159.0,257.0,145.0,285.0,121.0,297.0,96.0,302.0,75.0,275.0,98.0,276.0,78.0,273.0,95.0,276.0,95.0,259.0,92.0,259.0,75.0,256.0,95.0,260.0,93.0,243.0,88.0,243.0,72.0,240.0,91.0,245.0,91.0,228.0,85.0,231.0,72.0,229.0,86.0,230.0,89.0,1
237.0,143.0,267.0,136.0,294.0,114.0,307.0,87.0,311.0,67.0,287.0,86.0,287.0,66.0,280.0,90.0,281.0,95.0,269.0,82.0,268.0,64.0,263.0,91.0,266.0,92.0,252.0,78.0,253.0,59.0,248.0,85.0,251.0,88.0,235.0,75.0,238.0,62.0,235.0,81.0,235.0,87.0,1
239.0,144.0,269.0,138.0,296.0,116.0,308.0,88.0,311.0,68.0,289.0,88.0,290.0,68.0,282.0,91.0,282.0,97.0,270.0,83.0,270.0,66.0,265.0,93.0,267.0,93.0,253.0,80.0,255.0,61.0,250.0,88.0,253.0,91.0,237.0,77.0,240.0,64.0,237.0,83.0,237.0,89.0,1
241.0,141.0,270.0,136.0,297.0,114.0,310.0,86.0,314.0,66.0,289.0,85.0,290.0,66.0,282.0,90.0,283.0,95.0,271.0,81.0,271.0,65.0,265.0,92.0,269.0,91.0,255.0,78.0,256.0,60.0,251.0,86.0,254.0,88.0,238.0,75.0,240.0,63.0,238.0,81.0,238.0,86.0,1
242.0,141.0,271.0,137.0,299.0,115.0,311.0,87.0,313.0,66.0,291.0,87.0,291.0,67.0,283.0,91.0,284.0,96.0,273.0,82.0,272.0,65.0,267.0,92.0,270.0,92.0,255.0,79.0,256.0,60.0,252.0,87.0,256.0,90.0,239.0,76.0,241.0,64.0,239.0,82.0,239.0,88.0,1
289.0,381.0,345.0,350.0,386.0,293.0,400.0,243.0,413.0,213.0,365.0,234.0,375.0,208.0,366.0,251.0,359.0,276.0,330.0,237.0,342.0,214.0,336.0,266.0,332.0,291.0,297.0,247.0,307.0,230.0,306.0,280.0,304.0,303.0,263.0,261.0,275.0,247.0,279.0,282.0,280.0,300.0,1
245.0,140.0,273.0,135.0,302.0,114.0,313.0,85.0,316.0,66.0,292.0,84.0,294.0,66.0,287.0,89.0,287.0,93.0,274.0,79.0,274.0,64.0,270.0,92.0,273.0,91.0,257.0,76.0,258.0,59.0,255.0,86.0,258.0,88.0,239.0,73.0,241.0,62.0,241.0,81.0,241.0,86.0,1
289.0,381.0,345.0,350.0,386.0,293.0,400.0,243.0,413.0,213.0,365.0,234.0,375.0,208.0,366.0,251.0,359.0,276.0,330.0,237.0,342.0,214.0,336.0,266.0,332.0,291.0,297.0,247.0,307.0,230.0,306.0,280.0,304.0,303.0,263.0,261.0,275.0,247.0,279.0,282.0,280.0,300.0,1
211.0,200.0,239.0,189.0,263.0,161.0,270.0,132.0,271.0,111.0,248.0,132.0,247.0,115.0,244.0,139.0,245.0,143.0,229.0,131.0,226.0,117.0,227.0,146.0,230.0,144.0,211.0,132.0,208.0,115.0,210.0,143.0,213.0,144.0,193.0,132.0,194.0,120.0,195.0,139.0,196.0,144.0,1
212.0,199.0,241.0,189.0,264.0,162.0,270.0,132.0,270.0,110.0,250.0,134.0,247.0,115.0,244.0,140.0,245.0,145.0,230.0,133.0,228.0,117.0,227.0,145.0,230.0,144.0,213.0,133.0,211.0,115.0,211.0,142.0,214.0,144.0,195.0,133.0,196.0,119.0,197.0,139.0,198.0,144.0,1
213.0,197.0,242.0,187.0,265.0,160.0,272.0,130.0,272.0,109.0,251.0,132.0,248.0,114.0,246.0,139.0,247.0,143.0,232.0,131.0,229.0,116.0,229.0,144.0,232.0,142.0,214.0,131.0,212.0,114.0,213.0,141.0,216.0,142.0,197.0,131.0,197.0,118.0,199.0,137.0,199.0,142.0,1
215.0,195.0,244.0,186.0,267.0,159.0,273.0,129.0,273.0,108.0,253.0,132.0,251.0,113.0,247.0,138.0,248.0,142.0,234.0,130.0,232.0,114.0,231.0,143.0,233.0,142.0,216.0,130.0,215.0,112.0,215.0,140.0,218.0,142.0,199.0,129.0,200.0,116.0,201.0,136.0,202.0,141.0,1
215.0,193.0,245.0,184.0,269.0,157.0,275.0,127.0,274.0,106.0,254.0,130.0,252.0,111.0,248.0,136.0,250.0,141.0,235.0,129.0,232.0,113.0,232.0,142.0,234.0,140.0,218.0,128.0,216.0,111.0,216.0,138.0,219.0,140.0,200.0,128.0,200.0,115.0,201.0,135.0,203.0,140.0,1
214.0,193.0,242.0,185.0,266.0,157.0,274.0,127.0,273.0,106.0,253.0,128.0,250.0,110.0,246.0,135.0,247.0,140.0,234.0,127.0,230.0,112.0,230.0,141.0,233.0,138.0,216.0,126.0,213.0,110.0,214.0,138.0,218.0,139.0,198.0,126.0,198.0,116.0,200.0,135.0,201.0,138.0,1
215.0,192.0,245.0,182.0,268.0,156.0,275.0,126.0,274.0,105.0,254.0,129.0,252.0,110.0,248.0,134.0,249.0,139.0,234.0,128.0,232.0,111.0,231.0,140.0,234.0,138.0,217.0,127.0,215.0,109.0,216.0,136.0,219.0,139.0,199.0,126.0,200.0,114.0,201.0,133.0,202.0,138.0,1
289.0,381.0,345.0,350.0,386.0,293.0,400.0,243.0,413.0,213.0,365.0,234.0,375.0,208.0,366.0,251.0,359.0,276.0,330.0,237.0,342.0,214.0,336.0,266.0,332.0,291.0,297.0,247.0,307.0,230.0,306.0,280.0,304.0,303.0,263.0,261.0,275.0,247.0,279.0,282.0,280.0,300.0,1
889.0,1155.0,1142.0,1089.0,1356.0,878.0,1427.0,656.0,1496.0,490.0,1257.0,639.0,1298.0,507.0,1241.0,677.0,1199.0,824.0,1090.0,621.0,1135.0,500.0,1098.0,726.0,1076.0,889.0,929.0,635.0,970.0,541.0,968.0,776.0,968.0,926.0,767.0,674.0,821.0,601.0,842.0,778.0,854.0,892.0,1
289.0,381.0,345.0,350.0,386.0,293.0,400.0,243.0,413.0,213.0,365.0,234.0,375.0,208.0,366.0,251.0,359.0,276.0,330.0,237.0,342.0,214.0,336.0,266.0,332.0,291.0,297.0,247.0,307.0,230.0,306.0,280.0,304.0,303.0,263.0,261.0,275.0,247.0,279.0,282.0,280.0,300.0,1
130.0,318.0,154.0,317.0,180.0,291.0,185.0,262.0,184.0,240.0,167.0,256.0,174.0,241.0,168.0,266.0,163.0,277.0,149.0,253.0,156.0,238.0,152.0,269.0,148.0,278.0,130.0,254.0,137.0,243.0,135.0,273.0,132.0,282.0,110.0,257.0,118.0,246.0,120.0,268.0,116.0,275.0,1
131.0,323.0,156.0,317.0,180.0,289.0,188.0,261.0,184.0,240.0,166.0,256.0,172.0,239.0,169.0,265.0,166.0,276.0,148.0,255.0,155.0,237.0,153.0,267.0,149.0,277.0,130.0,256.0,137.0,242.0,137.0,271.0,133.0,281.0,110.0,260.0,119.0,246.0,121.0,266.0,117.0,274.0,1
129.0,325.0,156.0,318.0,180.0,290.0,188.0,262.0,185.0,240.0,166.0,257.0,174.0,239.0,171.0,265.0,166.0,274.0,148.0,255.0,156.0,237.0,154.0,267.0,149.0,275.0,130.0,257.0,137.0,242.0,138.0,272.0,133.0,280.0,109.0,260.0,119.0,246.0,121.0,266.0,117.0,274.0,1
128.0,329.0,157.0,319.0,181.0,290.0,187.0,261.0,186.0,240.0,167.0,255.0,174.0,239.0,170.0,267.0,166.0,275.0,149.0,254.0,156.0,238.0,154.0,269.0,149.0,276.0,130.0,255.0,137.0,243.0,137.0,273.0,133.0,279.0,110.0,259.0,118.0,248.0,121.0,268.0,117.0,275.0,1
127.0,327.0,157.0,316.0,181.0,289.0,189.0,262.0,185.0,239.0,168.0,254.0,176.0,237.0,172.0,263.0,167.0,274.0,150.0,252.0,158.0,235.0,156.0,266.0,150.0,276.0,131.0,253.0,139.0,241.0,138.0,271.0,134.0,280.0,111.0,257.0,121.0,244.0,122.0,265.0,118.0,273.0,1
127.0,330.0,158.0,318.0,181.0,291.0,188.0,264.0,185.0,241.0,168.0,256.0,175.0,239.0,172.0,265.0,167.0,276.0,150.0,254.0,156.0,237.0,155.0,267.0,150.0,277.0,131.0,256.0,138.0,242.0,138.0,271.0,134.0,281.0,110.0,259.0,119.0,247.0,122.0,267.0,118.0,275.0,1
91.0,350.0,123.0,350.0,148.0,318.0,149.0,284.0,153.0,260.0,130.0,284.0,136.0,259.0,134.0,290.0,129.0,307.0,109.0,285.0,120.0,265.0,120.0,303.0,114.0,316.0,91.0,290.0,102.0,278.0,102.0,314.0,96.0,322.0,71.0,296.0,82.0,285.0,83.0,309.0,80.0,316.0,1
91.0,372.0,121.0,363.0,145.0,323.0,147.0,289.0,150.0,264.0,126.0,291.0,132.0,266.0,132.0,295.0,127.0,307.0,106.0,292.0,115.0,270.0,116.0,306.0,110.0,316.0,86.0,296.0,95.0,279.0,98.0,315.0,93.0,324.0,65.0,302.0,75.0,285.0,80.0,308.0,76.0,316.0,1
93.0,381.0,125.0,365.0,145.0,323.0,145.0,290.0,148.0,265.0,126.0,293.0,132.0,267.0,134.0,296.0,130.0,310.0,107.0,294.0,116.0,271.0,118.0,307.0,111.0,318.0,87.0,299.0,95.0,280.0,100.0,315.0,94.0,326.0,65.0,305.0,76.0,287.0,82.0,311.0,77.0,321.0,1
289.0,381.0,345.0,350.0,386.0,293.0,400.0,243.0,413.0,213.0,365.0,234.0,375.0,208.0,366.0,251.0,359.0,276.0,330.0,237.0,342.0,214.0,336.0,266.0,332.0,291.0,297.0,247.0,307.0,230.0,306.0,280.0,304.0,303.0,263.0,261.0,275.0,247.0,279.0,282.0,280.0,300.0,1
900.0,1141.0,1136.0,1089.0,1333.0,902.0,1416.0,714.0,1505.0,581.0,1249.0,673.0,1312.0,575.0,1254.0,734.0,1202.0,863.0,1099.0,643.0,1174.0,557.0,1126.0,763.0,1090.0,907.0,950.0,648.0,1020.0,583.0,1001.0,803.0,985.0,941.0,800.0,679.0,877.0,639.0,891.0,805.0,889.0,908.0,1
289.0,381.0,345.0,350.0,386.0,293.0,400.0,243.0,413.0,213.0,365.0,234.0,375.0,208.0,366.0,251.0,359.0,276.0,330.0,237.0,342.0,214.0,336.0,266.0,332.0,291.0,297.0,247.0,307.0,230.0,306.0,280.0,304.0,303.0,263.0,261.0,275.0,247.0,279.0,282.0,280.0,300.0,1
98.0,371.0,127.0,363.0,151.0,323.0,154.0,289.0,156.0,263.0,133.0,290.0,140.0,267.0,140.0,294.0,134.0,308.0,114.0,291.0,123.0,269.0,124.0,305.0,116.0,316.0,94.0,294.0,102.0,277.0,105.0,312.0,99.0,322.0,72.0,300.0,82.0,283.0,88.0,306.0,83.0,315.0,1
92.0,376.0,124.0,362.0,145.0,323.0,148.0,289.0,151.0,264.0,128.0,290.0,135.0,264.0,136.0,292.0,130.0,306.0,109.0,291.0,117.0,268.0,119.0,303.0,112.0,314.0,89.0,296.0,96.0,278.0,100.0,311.0,95.0,321.0,66.0,302.0,76.0,284.0,82.0,306.0,78.0,315.0,1
89.0,379.0,121.0,360.0,142.0,321.0,146.0,288.0,149.0,262.0,125.0,289.0,132.0,263.0,133.0,291.0,127.0,304.0,107.0,290.0,116.0,267.0,117.0,302.0,110.0,312.0,87.0,294.0,96.0,276.0,99.0,310.0,92.0,319.0,64.0,301.0,76.0,283.0,80.0,305.0,75.0,314.0,1
90.0,382.0,124.0,362.0,144.0,323.0,147.0,290.0,149.0,264.0,128.0,291.0,135.0,265.0,136.0,294.0,131.0,308.0,109.0,292.0,118.0,268.0,120.0,303.0,112.0,315.0,89.0,297.0,98.0,278.0,101.0,312.0,95.0,322.0,66.0,303.0,78.0,284.0,83.0,307.0,78.0,317.0,1
90.0,387.0,124.0,365.0,144.0,326.0,148.0,293.0,150.0,267.0,128.0,295.0,135.0,268.0,136.0,297.0,130.0,310.0,109.0,296.0,118.0,271.0,119.0,307.0,112.0,318.0,89.0,300.0,98.0,281.0,101.0,314.0,94.0,325.0,66.0,306.0,77.0,286.0,83.0,309.0,78.0,319.0,1
89.0,388.0,124.0,366.0,144.0,327.0,148.0,294.0,151.0,267.0,127.0,295.0,135.0,269.0,137.0,298.0,131.0,311.0,108.0,297.0,118.0,272.0,120.0,308.0,112.0,320.0,88.0,301.0,98.0,282.0,101.0,316.0,95.0,327.0,65.0,308.0,76.0,288.0,83.0,311.0,80.0,322.0,1
72.0,362.0,108.0,343.0,128.0,309.0,136.0,278.0,143.0,256.0,122.0,277.0,129.0,252.0,125.0,278.0,117.0,293.0,103.0,274.0,112.0,248.0,108.0,281.0,101.0,294.0,84.0,275.0,92.0,254.0,89.0,286.0,83.0,297.0,62.0,278.0,72.0,258.0,74.0,280.0,69.0,291.0,1
71.0,360.0,108.0,341.0,128.0,307.0,134.0,277.0,140.0,254.0,119.0,275.0,126.0,250.0,122.0,277.0,115.0,290.0,101.0,273.0,109.0,249.0,106.0,282.0,99.0,292.0,82.0,274.0,90.0,253.0,88.0,286.0,82.0,295.0,60.0,278.0,71.0,259.0,73.0,282.0,68.0,291.0,1
67.0,370.0,101.0,354.0,122.0,318.0,128.0,287.0,133.0,264.0,110.0,285.0,119.0,260.0,115.0,288.0,108.0,300.0,92.0,283.0,101.0,258.0,98.0,293.0,91.0,302.0,72.0,285.0,80.0,264.0,80.0,297.0,73.0,305.0,50.0,290.0,61.0,271.0,64.0,292.0,58.0,300.0,1
289.0,381.0,345.0,350.0,386.0,293.0,400.0,243.0,413.0,213.0,365.0,234.0,375.0,208.0,366.0,251.0,359.0,276.0,330.0,237.0,342.0,214.0,336.0,266.0,332.0,291.0,297.0,247.0,307.0,230.0,306.0,280.0,304.0,303.0,263.0,261.0,275.0,247.0,279.0,282.0,280.0,300.0,1
67.0,362.0,96.0,358.0,123.0,321.0,127.0,289.0,132.0,267.0,110.0,287.0,118.0,265.0,113.0,293.0,107.0,302.0,91.0,284.0,100.0,262.0,97.0,297.0,90.0,304.0,71.0,285.0,78.0,267.0,79.0,300.0,73.0,307.0,49.0,288.0,60.0,274.0,62.0,296.0,55.0,301.0,1
68.0,371.0,102.0,361.0,128.0,325.0,133.0,293.0,140.0,271.0,115.0,290.0,124.0,267.0,120.0,296.0,114.0,307.0,96.0,288.0,105.0,265.0,104.0,300.0,96.0,308.0,77.0,289.0,85.0,269.0,86.0,302.0,79.0,310.0,55.0,293.0,67.0,276.0,69.0,298.0,63.0,305.0,1
69.0,373.0,105.0,359.0,127.0,323.0,132.0,291.0,141.0,269.0,117.0,292.0,125.0,267.0,122.0,295.0,115.0,308.0,99.0,289.0,109.0,264.0,107.0,298.0,99.0,309.0,80.0,290.0,89.0,268.0,88.0,302.0,81.0,312.0,58.0,293.0,71.0,274.0,72.0,297.0,66.0,306.0,1
68.0,372.0,105.0,355.0,127.0,320.0,133.0,289.0,141.0,266.0,116.0,288.0,125.0,263.0,121.0,291.0,113.0,304.0,98.0,285.0,109.0,261.0,105.0,295.0,96.0,305.0,79.0,286.0,89.0,265.0,87.0,299.0,79.0,308.0,56.0,289.0,70.0,270.0,71.0,293.0,65.0,302.0,1
72.0,376.0,110.0,364.0,134.0,328.0,140.0,295.0,149.0,273.0,125.0,294.0,134.0,269.0,130.0,297.0,123.0,310.0,106.0,291.0,115.0,266.0,113.0,301.0,105.0,311.0,86.0,292.0,95.0,273.0,94.0,305.0,88.0,313.0,64.0,295.0,77.0,277.0,79.0,299.0,72.0,306.0,1
74.0,380.0,111.0,364.0,134.0,329.0,140.0,297.0,149.0,273.0,123.0,296.0,134.0,270.0,131.0,299.0,123.0,312.0,105.0,294.0,118.0,269.0,115.0,304.0,106.0,314.0,86.0,295.0,98.0,276.0,97.0,309.0,89.0,317.0,64.0,299.0,79.0,282.0,81.0,304.0,74.0,312.0,1
75.0,390.0,113.0,377.0,139.0,340.0,146.0,308.0,154.0,286.0,128.0,306.0,140.0,283.0,135.0,312.0,128.0,322.0,109.0,304.0,123.0,282.0,118.0,318.0,110.0,323.0,88.0,306.0,101.0,288.0,100.0,321.0,91.0,326.0,66.0,309.0,82.0,293.0,83.0,316.0,75.0,322.0,1
289.0,381.0,345.0,350.0,386.0,293.0,400.0,243.0,413.0,213.0,365.0,234.0,375.0,208.0,366.0,251.0,359.0,276.0,330.0,237.0,342.0,214.0,336.0,266.0,332.0,291.0,297.0,247.0,307.0,230.0,306.0,280.0,304.0,303.0,263.0,261.0,275.0,247.0,279.0,282.0,280.0,300.0,1
886.0,877.0,1073.0,836.0,1224.0,666.0,1283.0,501.0,1358.0,400.0,1153.0,507.0,1186.0,390.0,1142.0,513.0,1115.0,624.0,1032.0,490.0,1064.0,362.0,1033.0,530.0,1024.0,664.0,915.0,494.0,943.0,391.0,935.0,575.0,941.0,698.0,795.0,518.0,832.0,452.0,845.0,591.0,861.0,683.0,1
289.0,381.0,345.0,350.0,386.0,293.0,400.0,243.0,413.0,213.0,365.0,234.0,375.0,208.0,366.0,251.0,359.0,276.0,330.0,237.0,342.0,214.0,336.0,266.0,332.0,291.0,297.0,247.0,307.0,230.0,306.0,280.0,304.0,303.0,263.0,261.0,275.0,247.0,279.0,282.0,280.0,300.0,1
372.0,300.0,432.0,291.0,479.0,227.0,481.0,147.0,467.0,86.0,450.0,124.0,421.0,75.0,414.0,150.0,423.0,183.0,392.0,126.0,362.0,86.0,370.0,172.0,392.0,186.0,344.0,138.0,313.0,115.0,329.0,189.0,355.0,198.0,301.0,155.0,275.0,141.0,296.0,193.0,322.0,206.0,1
739.0,1323.0,954.0,1276.0,1109.0,1141.0,1176.0,983.0,1226.0,859.0,1089.0,906.0,1108.0,803.0,1049.0,999.0,1037.0,1044.0,946.0,876.0,974.0,795.0,937.0,1023.0,944.0,1037.0,806.0,860.0,823.0,795.0,812.0,1009.0,826.0,1017.0,666.0,846.0,679.0,789.0,688.0,943.0,702.0,972.0,1
1054.0,1363.0,1245.0,1228.0,1400.0,1003.0,1438.0,792.0,1451.0,659.0,1318.0,849.0,1313.0,707.0,1297.0,868.0,1294.0,904.0,1166.0,844.0,1164.0,692.0,1177.0,894.0,1182.0,928.0,1030.0,872.0,1029.0,732.0,1069.0,923.0,1083.0,973.0,901.0,905.0,917.0,820.0,959.0,954.0,988.0,993.0,1
839.0,1486.0,1011.0,1415.0,1079.0,1251.0,1103.0,1116.0,1168.0,1074.0,956.0,1117.0,917.0,1066.0,904.0,1231.0,913.0,1360.0,829.0,1162.0,797.0,1115.0,812.0,1298.0,843.0,1427.0,738.0,1216.0,707.0,1207.0,729.0,1365.0,766.0,1466.0,668.0,1284.0,635.0,1281.0,659.0,1387.0,703.0,1458.0,1
807.0,1387.0,986.0,1269.0,1108.0,1102.0,1155.0,946.0,1180.0,830.0,1032.0,1062.0,1035.0,946.0,1035.0,923.0,1043.0,911.0,913.0,1037.0,919.0,934.0,913.0,928.0,920.0,922.0,802.0,1018.0,802.0,921.0,801.0,914.0,809.0,899.0,701.0,1012.0,700.0,912.0,702.0,914.0,706.0,907.0,1
891.0,1578.0,1062.0,1523.0,1186.0,1353.0,1231.0,1199.0,1291.0,1098.0,1125.0,1204.0,1165.0,1076.0,1143.0,1194.0,1121.0,1287.0,1017.0,1199.0,1053.0,1058.0,1045.0,1227.0,1041.0,1340.0,905.0,1210.0,941.0,1111.0,952.0,1290.0,959.0,1396.0,789.0,1240.0,844.0,1142.0,866.0,1268.0,871.0,1352.0,1
895.0,1644.0,1085.0,1582.0,1210.0,1384.0,1248.0,1222.0,1311.0,1122.0,1128.0,1239.0,1163.0,1097.0,1139.0,1227.0,1114.0,1330.0,1020.0,1237.0,1049.0,1095.0,1042.0,1264.0,1031.0,1375.0,912.0,1253.0,936.0,1147.0,949.0,1328.0,951.0,1433.0,798.0,1283.0,847.0,1185.0,869.0,1310.0,870.0,1393.0,1
289.0,381.0,345.0,350.0,386.0,293.0,400.0,243.0,413.0,213.0,365.0,234.0,375.0,208.0,366.0,251.0,359.0,276.0,330.0,237.0,342.0,214.0,336.0,266.0,332.0,291.0,297.0,247.0,307.0,230.0,306.0,280.0,304.0,303.0,263.0,261.0,275.0,247.0,279.0,282.0,280.0,300.0,1
929.0,1683.0,1104.0,1643.0,1243.0,1462.0,1283.0,1299.0,1319.0,1179.0,1152.0,1304.0,1200.0,1161.0,1175.0,1297.0,1139.0,1387.0,1050.0,1299.0,1088.0,1162.0,1077.0,1340.0,1058.0,1423.0,944.0,1314.0,983.0,1210.0,987.0,1389.0,976.0,1465.0,830.0,1342.0,886.0,1258.0,900.0,1382.0,890.0,1442.0,1
801.0,1536.0,982.0,1434.0,1059.0,1223.0,1065.0,1047.0,1111.0,936.0,974.0,1084.0,965.0,942.0,949.0,1078.0,930.0,1139.0,863.0,1099.0,851.0,971.0,856.0,1133.0,851.0,1171.0,763.0,1140.0,752.0,1047.0,778.0,1199.0,784.0,1229.0,665.0,1192.0,662.0,1117.0,697.0,1215.0,709.0,1239.0,1
756.0,1308.0,968.0,1165.0,1109.0,1004.0,1172.0,838.0,1233.0,714.0,1014.0,892.0,1060.0,775.0,1032.0,832.0,998.0,896.0,898.0,870.0,942.0,774.0,932.0,843.0,915.0,919.0,795.0,865.0,831.0,791.0,837.0,868.0,832.0,944.0,700.0,875.0,731.0,801.0,750.0,857.0,758.0,915.0,1
331.0,334.0,389.0,295.0,449.0,222.0,474.0,155.0,475.0,110.0,431.0,159.0,405.0,120.0,409.0,162.0,431.0,173.0,387.0,156.0,362.0,117.0,368.0,173.0,392.0,175.0,348.0,162.0,321.0,130.0,331.0,180.0,357.0,187.0,310.0,176.0,289.0,156.0,299.0,189.0,323.0,194.0,1
842.0,1119.0,1187.0,1103.0,1443.0,840.0,1539.0,569.0,1663.0,414.0,1341.0,537.0,1433.0,377.0,1350.0,590.0,1280.0,767.0,1140.0,458.0,1231.0,288.0,1160.0,561.0,1118.0,772.0,937.0,424.0,1023.0,289.0,992.0,589.0,977.0,793.0,726.0,421.0,816.0,332.0,830.0,559.0,832.0,713.0,1
853.0,1308.0,1063.0,1201.0,1185.0,1016.0,1220.0,843.0,1298.0,749.0,1137.0,833.0,1112.0,753.0,1069.0,924.0,1053.0,1045.0,988.0,840.0,972.0,752.0,968.0,955.0,977.0,1102.0,861.0,864.0,838.0,811.0,861.0,996.0,885.0,1123.0,741.0,901.0,724.0,875.0,760.0,1002.0,797.0,1089.0,1
720.0,1150.0,1005.0,1129.0,1221.0,952.0,1327.0,754.0,1334.0,595.0,1073.0,809.0,1124.0,665.0,1151.0,661.0,1180.0,686.0,916.0,745.0,979.0,608.0,1014.0,634.0,1031.0,680.0,745.0,702.0,811.0,567.0,851.0,610.0,865.0,661.0,575.0,673.0,642.0,554.0,682.0,601.0,692.0,653.0,1
782.0,1189.0,974.0,1101.0,1119.0,962.0,1162.0,810.0,1222.0,712.0,1082.0,807.0,1070.0,710.0,1011.0,823.0,978.0,913.0,966.0,796.0,965.0,701.0,926.0,852.0,911.0,957.0,866.0,802.0,855.0,740.0,841.0,882.0,839.0,968.0,767.0,820.0,771.0,776.0,770.0,884.0,774.0,948.0,1
718.0,1336.0,875.0,1300.0,1007.0,1151.0,1084.0,1014.0,1184.0,935.0,965.0,953.0,1004.0,905.0,949.0,1039.0,901.0,1148.0,850.0,918.0,879.0,935.0,840.0,1087.0,814.0,1209.0,742.0,916.0,740.0,1007.0,730.0,1157.0,733.0,1265.0,638.0,937.0,639.0,1034.0,638.0,1151.0,651.0,1226.0,1
818.0,1302.0,1021.0,1239.0,1165.0,1049.0,1222.0,869.0,1266.0,742.0,1078.0,869.0,1090.0,778.0,1053.0,917.0,1024.0,1009.0,951.0,840.0,957.0,744.0,938.0,938.0,935.0,1035.0,832.0,838.0,832.0,753.0,837.0,937.0,844.0,1021.0,710.0,858.0,720.0,766.0,739.0,901.0,759.0,968.0,1
810.0,1448.0,983.0,1449.0,1104.0,1327.0,1147.0,1198.0,1206.0,1119.0,1046.0,1181.0,1077.0,1067.0,1055.0,1201.0,1034.0,1293.0,930.0,1179.0,967.0,1089.0,967.0,1242.0,961.0,1318.0,826.0,1199.0,869.0,1151.0,877.0,1296.0,870.0,1352.0,724.0,1233.0,774.0,1197.0,790.0,1300.0,787.0,1346.0,1
699.0,1306.0,885.0,1240.0,984.0,1108.0,1042.0,966.0,1099.0,862.0,915.0,1069.0,965.0,913.0,969.0,937.0,962.0,979.0,829.0,1061.0,873.0,931.0,880.0,953.0,869.0,992.0,750.0,1063.0,790.0,959.0,794.0,981.0,788.0,1017.0,689.0,1073.0,711.0,975.0,719.0,982.0,718.0,1003.0,1
820.0,1516.0,940.0,1483.0,1056.0,1364.0,1105.0,1259.0,1162.0,1215.0,1099.0,1240.0,1158.0,1125.0,1118.0,1234.0,1098.0,1296.0,1002.0,1213.0,1056.0,1105.0,1014.0,1276.0,1017.0,1339.0,902.0,1208.0,949.0,1133.0,926.0,1295.0,933.0,1352.0,797.0,1222.0,848.0,1161.0,842.0,1284.0,847.0,1344.0,1
821.0,1481.0,978.0,1472.0,1140.0,1325.0,1219.0,1162.0,1277.0,1050.0,1110.0,1119.0,1125.0,1026.0,1070.0,1176.0,1055.0,1182.0,977.0,1077.0,1003.0,996.0,970.0,1180.0,967.0,1169.0,863.0,1057.0,888.0,952.0,876.0,1129.0,869.0,1143.0,755.0,1032.0,781.0,947.0,784.0,1066.0,780.0,1100.0,1
313.0,347.0,372.0,306.0,415.0,254.0,439.0,201.0,441.0,166.0,402.0,228.0,403.0,189.0,404.0,186.0,413.0,174.0,368.0,223.0,368.0,188.0,370.0,195.0,385.0,179.0,337.0,221.0,333.0,189.0,336.0,195.0,350.0,182.0,307.0,223.0,303.0,194.0,306.0,193.0,317.0,182.0,1
289.0,381.0,345.0,350.0,386.0,293.0,400.0,243.0,413.0,213.0,365.0,234.0,375.0,208.0,366.0,251.0,359.0,276.0,330.0,237.0,342.0,214.0,336.0,266.0,332.0,291.0,297.0,247.0,307.0,230.0,306.0,280.0,304.0,303.0,263.0,261.0,275.0,247.0,279.0,282.0,280.0,300.0,1
156.0,269.0,190.0,251.0,211.0,217.0,209.0,187.0,210.0,164.0,191.0,192.0,194.0,170.0,192.0,190.0,190.0,211.0,171.0,194.0,176.0,173.0,175.0,201.0,176.0,226.0,152.0,199.0,158.0,187.0,159.0,216.0,162.0,238.0,133.0,205.0,141.0,195.0,145.0,216.0,148.0,232.0,1
198.0,255.0,231.0,224.0,250.0,186.0,251.0,156.0,253.0,134.0,229.0,161.0,235.0,146.0,236.0,162.0,237.0,178.0,209.0,160.0,219.0,146.0,221.0,172.0,223.0,194.0,190.0,162.0,201.0,157.0,206.0,185.0,210.0,207.0,170.0,168.0,183.0,159.0,190.0,179.0,195.0,194.0,1
208.0,263.0,236.0,235.0,250.0,197.0,255.0,170.0,261.0,145.0,213.0,157.0,245.0,151.0,251.0,178.0,249.0,196.0,195.0,160.0,235.0,163.0,239.0,191.0,237.0,209.0,183.0,170.0,222.0,179.0,226.0,205.0,224.0,220.0,174.0,185.0,209.0,192.0,220.0,212.0,223.0,225.0,1
220.0,277.0,245.0,244.0,253.0,214.0,258.0,190.0,263.0,167.0,214.0,184.0,249.0,173.0,255.0,197.0,253.0,215.0,204.0,186.0,248.0,178.0,252.0,206.0,249.0,226.0,199.0,191.0,244.0,191.0,244.0,219.0,239.0,238.0,197.0,200.0,234.0,202.0,235.0,222.0,229.0,234.0,1
289.0,381.0,345.0,350.0,386.0,293.0,400.0,243.0,413.0,213.0,365.0,234.0,375.0,208.0,366.0,251.0,359.0,276.0,330.0,237.0,342.0,214.0,336.0,266.0,332.0,291.0,297.0,247.0,307.0,230.0,306.0,280.0,304.0,303.0,263.0,261.0,275.0,247.0,279.0,282.0,280.0,300.0,1
215.0,268.0,248.0,249.0,268.0,218.0,268.0,190.0,271.0,167.0,249.0,196.0,256.0,174.0,254.0,194.0,253.0,214.0,230.0,197.0,239.0,175.0,239.0,201.0,239.0,225.0,212.0,200.0,223.0,187.0,223.0,216.0,224.0,237.0,193.0,206.0,206.0,192.0,208.0,213.0,209.0,229.0,1
219.0,272.0,248.0,253.0,264.0,220.0,263.0,193.0,266.0,171.0,245.0,199.0,253.0,179.0,254.0,200.0,253.0,220.0,228.0,201.0,238.0,180.0,240.0,206.0,241.0,229.0,211.0,205.0,224.0,193.0,226.0,221.0,227.0,241.0,193.0,210.0,209.0,198.0,212.0,219.0,212.0,235.0,1
216.0,273.0,248.0,256.0,268.0,226.0,267.0,199.0,269.0,177.0,251.0,205.0,254.0,183.0,253.0,202.0,252.0,220.0,233.0,206.0,239.0,184.0,237.0,209.0,237.0,231.0,216.0,209.0,223.0,192.0,222.0,219.0,223.0,240.0,198.0,215.0,206.0,198.0,209.0,217.0,211.0,235.0,1
213.0,253.0,247.0,240.0,270.0,212.0,271.0,183.0,274.0,161.0,254.0,187.0,258.0,166.0,256.0,183.0,253.0,203.0,235.0,186.0,242.0,165.0,239.0,190.0,237.0,213.0,217.0,188.0,224.0,174.0,222.0,201.0,222.0,221.0,198.0,192.0,207.0,181.0,208.0,203.0,209.0,219.0,1
229.0,284.0,260.0,272.0,280.0,241.0,281.0,211.0,283.0,189.0,262.0,216.0,267.0,196.0,264.0,216.0,263.0,236.0,244.0,218.0,250.0,197.0,249.0,224.0,249.0,248.0,226.0,222.0,232.0,208.0,232.0,237.0,234.0,258.0,207.0,226.0,215.0,214.0,218.0,236.0,220.0,253.0,1
204.0,259.0,241.0,242.0,266.0,218.0,269.0,191.0,270.0,167.0,251.0,192.0,255.0,174.0,249.0,192.0,243.0,210.0,233.0,189.0,239.0,170.0,233.0,194.0,228.0,215.0,215.0,189.0,220.0,172.0,216.0,198.0,214.0,219.0,196.0,192.0,202.0,177.0,203.0,197.0,203.0,214.0,1
181.0,250.0,218.0,238.0,244.0,212.0,247.0,182.0,246.0,158.0,228.0,186.0,231.0,165.0,226.0,185.0,222.0,205.0,209.0,184.0,214.0,162.0,209.0,187.0,205.0,209.0,190.0,184.0,194.0,167.0,191.0,194.0,191.0,215.0,170.0,187.0,176.0,172.0,177.0,192.0,177.0,209.0,1
161.0,265.0,195.0,253.0,214.0,217.0,212.0,184.0,213.0,160.0,196.0,191.0,197.0,169.0,194.0,188.0,194.0,208.0,175.0,193.0,179.0,172.0,178.0,200.0,179.0,223.0,156.0,198.0,160.0,187.0,162.0,217.0,165.0,238.0,137.0,204.0,143.0,194.0,148.0,216.0,152.0,231.0,1
168.0,276.0,203.0,262.0,227.0,233.0,228.0,204.0,229.0,180.0,209.0,205.0,212.0,186.0,207.0,205.0,203.0,226.0,188.0,204.0,194.0,183.0,190.0,209.0,188.0,233.0,170.0,206.0,174.0,191.0,173.0,220.0,173.0,241.0,150.0,211.0,156.0,197.0,158.0,218.0,160.0,236.0,1
158.0,259.0,195.0,247.0,220.0,219.0,223.0,189.0,226.0,165.0,203.0,191.0,208.0,170.0,203.0,189.0,199.0,210.0,183.0,189.0,189.0,167.0,185.0,194.0,183.0,217.0,165.0,190.0,170.0,173.0,168.0,200.0,168.0,222.0,145.0,194.0,153.0,180.0,154.0,200.0,154.0,218.0,1
289.0,381.0,345.0,350.0,386.0,293.0,400.0,243.0,413.0,213.0,365.0,234.0,375.0,208.0,366.0,251.0,359.0,276.0,330.0,237.0,342.0,214.0,336.0,266.0,332.0,291.0,297.0,247.0,307.0,230.0,306.0,280.0,304.0,303.0,263.0,261.0,275.0,247.0,279.0,282.0,280.0,300.0,1
161.0,253.0,197.0,240.0,223.0,214.0,226.0,185.0,229.0,161.0,207.0,187.0,212.0,166.0,207.0,185.0,202.0,205.0,187.0,186.0,194.0,164.0,188.0,189.0,185.0,213.0,169.0,187.0,174.0,170.0,170.0,197.0,170.0,219.0,149.0,191.0,156.0,175.0,157.0,196.0,157.0,213.0,1
214.0,261.0,240.0,242.0,255.0,214.0,262.0,188.0,271.0,169.0,250.0,191.0,259.0,174.0,258.0,191.0,255.0,208.0,237.0,190.0,250.0,174.0,247.0,197.0,244.0,215.0,222.0,191.0,236.0,177.0,235.0,200.0,233.0,219.0,206.0,195.0,220.0,182.0,222.0,200.0,222.0,216.0,1
254.0,293.0,277.0,274.0,288.0,250.0,289.0,227.0,294.0,213.0,284.0,223.0,295.0,206.0,298.0,220.0,300.0,236.0,271.0,223.0,283.0,206.0,283.0,229.0,283.0,249.0,256.0,225.0,268.0,214.0,269.0,238.0,269.0,257.0,239.0,230.0,252.0,219.0,256.0,237.0,257.0,253.0,1
298.0,284.0,316.0,260.0,324.0,234.0,325.0,211.0,325.0,192.0,319.0,216.0,325.0,195.0,328.0,192.0,331.0,195.0,310.0,216.0,321.0,198.0,322.0,210.0,321.0,222.0,300.0,217.0,313.0,202.0,313.0,214.0,313.0,228.0,289.0,220.0,302.0,208.0,304.0,221.0,304.0,234.0,1
307.0,261.0,342.0,238.0,366.0,211.0,371.0,185.0,374.0,163.0,346.0,189.0,354.0,170.0,355.0,181.0,353.0,194.0,330.0,185.0,343.0,167.0,341.0,184.0,337.0,202.0,314.0,183.0,328.0,168.0,325.0,188.0,322.0,207.0,297.0,184.0,312.0,170.0,313.0,186.0,312.0,202.0,1
341.0,252.0,377.0,232.0,400.0,206.0,408.0,178.0,418.0,157.0,388.0,180.0,398.0,163.0,395.0,181.0,391.0,197.0,373.0,176.0,386.0,158.0,380.0,183.0,374.0,203.0,356.0,174.0,371.0,159.0,365.0,185.0,360.0,206.0,336.0,174.0,353.0,162.0,353.0,183.0,349.0,200.0,1
299.0,242.0,337.0,228.0,361.0,204.0,367.0,177.0,373.0,155.0,350.0,181.0,355.0,161.0,350.0,178.0,344.0,197.0,333.0,178.0,341.0,156.0,334.0,179.0,330.0,200.0,317.0,177.0,323.0,161.0,317.0,186.0,313.0,206.0,298.0,179.0,306.0,165.0,304.0,184.0,301.0,200.0,1
262.0,231.0,286.0,217.0,303.0,192.0,308.0,169.0,312.0,151.0,313.0,186.0,320.0,162.0,319.0,159.0,319.0,160.0,306.0,187.0,314.0,165.0,311.0,165.0,310.0,169.0,299.0,192.0,306.0,172.0,302.0,174.0,299.0,178.0,292.0,197.0,297.0,181.0,295.0,182.0,293.0,186.0,1
289.0,381.0,345.0,350.0,386.0,293.0,400.0,243.0,413.0,213.0,365.0,234.0,375.0,208.0,366.0,251.0,359.0,276.0,330.0,237.0,342.0,214.0,336.0,266.0,332.0,291.0,297.0,247.0,307.0,230.0,306.0,280.0,304.0,303.0,263.0,261.0,275.0,247.0,279.0,282.0,280.0,300.0,1
138.0,264.0,172.0,246.0,193.0,214.0,192.0,183.0,195.0,160.0,174.0,188.0,177.0,168.0,173.0,188.0,171.0,209.0,154.0,190.0,158.0,169.0,156.0,196.0,156.0,221.0,136.0,195.0,139.0,185.0,141.0,212.0,145.0,234.0,118.0,202.0,123.0,191.0,128.0,211.0,132.0,227.0,1
289.0,381.0,345.0,350.0,386.0,293.0,400.0,243.0,413.0,213.0,365.0,234.0,375.0,208.0,366.0,251.0,359.0,276.0,330.0,237.0,342.0,214.0,336.0,266.0,332.0,291.0,297.0,247.0,307.0,230.0,306.0,280.0,304.0,303.0,263.0,261.0,275.0,247.0,279.0,282.0,280.0,300.0,1
201.0,263.0,233.0,249.0,253.0,217.0,254.0,186.0,259.0,163.0,237.0,193.0,241.0,170.0,239.0,190.0,237.0,210.0,218.0,194.0,225.0,172.0,223.0,198.0,222.0,222.0,200.0,197.0,207.0,184.0,208.0,213.0,209.0,234.0,181.0,203.0,191.0,192.0,194.0,214.0,196.0,230.0,1
255.0,266.0,277.0,246.0,291.0,218.0,294.0,191.0,300.0,173.0,285.0,195.0,292.0,176.0,295.0,186.0,298.0,197.0,272.0,194.0,282.0,177.0,282.0,198.0,283.0,216.0,258.0,196.0,268.0,188.0,270.0,209.0,271.0,227.0,243.0,200.0,254.0,195.0,258.0,212.0,260.0,225.0,1
244.0,242.0,277.0,224.0,296.0,196.0,296.0,167.0,300.0,144.0,282.0,171.0,285.0,151.0,284.0,169.0,282.0,187.0,264.0,172.0,270.0,152.0,268.0,176.0,269.0,197.0,247.0,175.0,254.0,162.0,254.0,188.0,256.0,208.0,230.0,181.0,238.0,169.0,241.0,189.0,243.0,205.0,1
220.0,213.0,256.0,195.0,275.0,165.0,275.0,135.0,280.0,113.0,260.0,141.0,263.0,121.0,260.0,140.0,257.0,158.0,241.0,142.0,246.0,121.0,244.0,146.0,242.0,168.0,225.0,146.0,228.0,132.0,229.0,158.0,230.0,177.0,207.0,151.0,213.0,139.0,216.0,159.0,219.0,173.0,1
221.0,207.0,245.0,211.0,263.0,208.0,272.0,196.0,277.0,185.0,255.0,185.0,258.0,185.0,255.0,207.0,253.0,227.0,235.0,184.0,238.0,191.0,235.0,215.0,235.0,232.0,218.0,184.0,220.0,191.0,220.0,209.0,221.0,223.0,203.0,187.0,202.0,189.0,203.0,199.0,205.0,208.0,1
289.0,381.0,345.0,350.0,386.0,293.0,400.0,243.0,413.0,213.0,365.0,234.0,375.0,208.0,366.0,251.0,359.0,276.0,330.0,237.0,342.0,214.0,336.0,266.0,332.0,291.0,297.0,247.0,307.0,230.0,306.0,280.0,304.0,303.0,263.0,261.0,275.0,247.0,279.0,282.0,280.0,300.0,1
277.0,263.0,335.0,242.0,379.0,179.0,391.0,126.0,412.0,88.0,350.0,138.0,370.0,104.0,361.0,146.0,351.0,183.0,317.0,136.0,341.0,100.0,330.0,151.0,324.0,194.0,285.0,137.0,308.0,109.0,300.0,165.0,296.0,206.0,249.0,142.0,276.0,121.0,274.0,163.0,271.0,195.0,1
285.0,275.0,337.0,253.0,373.0,220.0,387.0,185.0,400.0,157.0,361.0,182.0,376.0,156.0,365.0,185.0,354.0,213.0,336.0,177.0,354.0,153.0,344.0,190.0,335.0,221.0,312.0,174.0,329.0,159.0,320.0,194.0,311.0,221.0,285.0,173.0,301.0,163.0,299.0,188.0,294.0,207.0,1
257.0,263.0,305.0,249.0,343.0,220.0,354.0,182.0,370.0,156.0,331.0,183.0,342.0,158.0,331.0,183.0,321.0,208.0,307.0,176.0,321.0,149.0,308.0,185.0,300.0,215.0,283.0,173.0,297.0,153.0,286.0,191.0,280.0,218.0,258.0,174.0,273.0,160.0,268.0,188.0,264.0,209.0,1
202.0,243.0,239.0,232.0,264.0,202.0,274.0,167.0,281.0,140.0,275.0,194.0,286.0,156.0,282.0,157.0,280.0,165.0,263.0,189.0,274.0,157.0,267.0,162.0,263.0,171.0,249.0,188.0,259.0,158.0,252.0,163.0,248.0,172.0,237.0,188.0,241.0,163.0,237.0,167.0,235.0,174.0,1
777.0,1210.0,886.0,1135.0,977.0,1009.0,1049.0,906.0,1112.0,851.0,982.0,899.0,1008.0,838.0,1016.0,973.0,1021.0,1080.0,908.0,891.0,923.0,850.0,943.0,1027.0,955.0,1146.0,832.0,905.0,843.0,877.0,871.0,1037.0,887.0,1154.0,754.0,936.0,766.0,927.0,806.0,1043.0,841.0,1141.0,1
206.0,273.0,264.0,244.0,295.0,207.0,306.0,168.0,320.0,139.0,290.0,199.0,297.0,164.0,298.0,159.0,299.0,161.0,267.0,199.0,275.0,167.0,273.0,170.0,268.0,178.0,244.0,200.0,250.0,171.0,248.0,176.0,245.0,184.0,221.0,203.0,224.0,177.0,225.0,181.0,224.0,188.0,1
252.0,247.0,308.0,217.0,344.0,186.0,360.0,155.0,371.0,127.0,321.0,151.0,335.0,130.0,340.0,143.0,339.0,159.0,301.0,142.0,321.0,119.0,322.0,141.0,316.0,163.0,280.0,137.0,300.0,112.0,301.0,139.0,296.0,164.0,256.0,136.0,278.0,115.0,281.0,136.0,278.0,157.0,1
276.0,232.0,334.0,208.0,376.0,162.0,385.0,117.0,398.0,80.0,347.0,119.0,363.0,92.0,358.0,123.0,351.0,152.0,321.0,113.0,340.0,83.0,331.0,125.0,324.0,159.0,293.0,112.0,311.0,86.0,304.0,131.0,300.0,166.0,261.0,116.0,283.0,96.0,281.0,130.0,278.0,158.0,1
248.0,215.0,308.0,199.0,352.0,150.0,361.0,100.0,371.0,60.0,326.0,101.0,339.0,68.0,330.0,103.0,320.0,137.0,294.0,96.0,311.0,59.0,301.0,104.0,294.0,144.0,262.0,96.0,278.0,69.0,270.0,119.0,265.0,156.0,227.0,101.0,246.0,81.0,245.0,118.0,243.0,147.0,1
235.0,212.0,296.0,195.0,339.0,140.0,345.0,85.0,355.0,43.0,309.0,91.0,323.0,55.0,314.0,93.0,305.0,130.0,275.0,88.0,292.0,48.0,283.0,97.0,278.0,141.0,243.0,89.0,259.0,59.0,253.0,112.0,250.0,151.0,208.0,94.0,226.0,75.0,225.0,115.0,224.0,144.0,1
255.0,246.0,314.0,221.0,351.0,176.0,360.0,131.0,370.0,95.0,327.0,134.0,344.0,105.0,335.0,138.0,325.0,171.0,298.0,130.0,317.0,96.0,308.0,139.0,301.0,177.0,269.0,131.0,288.0,108.0,281.0,154.0,275.0,187.0,238.0,136.0,258.0,119.0,257.0,154.0,254.0,180.0,1
263.0,263.0,311.0,244.0,343.0,210.0,353.0,174.0,367.0,148.0,332.0,177.0,341.0,151.0,331.0,175.0,321.0,200.0,307.0,173.0,318.0,147.0,309.0,180.0,301.0,210.0,284.0,173.0,295.0,155.0,289.0,188.0,283.0,214.0,260.0,175.0,272.0,160.0,271.0,184.0,268.0,203.0,1
277.0,257.0,331.0,239.0,375.0,187.0,387.0,139.0,404.0,102.0,348.0,144.0,364.0,114.0,360.0,145.0,353.0,175.0,317.0,136.0,339.0,106.0,331.0,152.0,324.0,191.0,287.0,135.0,309.0,111.0,300.0,163.0,295.0,199.0,251.0,138.0,278.0,121.0,275.0,160.0,273.0,189.0,1
276.0,263.0,321.0,243.0,351.0,216.0,362.0,187.0,372.0,165.0,344.0,183.0,352.0,158.0,344.0,180.0,336.0,204.0,321.0,179.0,332.0,158.0,324.0,188.0,316.0,215.0,300.0,178.0,309.0,163.0,304.0,192.0,297.0,215.0,278.0,180.0,287.0,166.0,286.0,186.0,283.0,203.0,1
271.0,257.0,312.0,245.0,341.0,218.0,352.0,187.0,363.0,164.0,332.0,188.0,342.0,168.0,333.0,188.0,324.0,209.0,312.0,184.0,325.0,160.0,315.0,188.0,307.0,213.0,292.0,182.0,303.0,167.0,295.0,196.0,289.0,218.0,270.0,183.0,284.0,171.0,281.0,193.0,277.0,209.0,1
289.0,381.0,345.0,350.0,386.0,293.0,400.0,243.0,413.0,213.0,365.0,234.0,375.0,208.0,366.0,251.0,359.0,276.0,330.0,237.0,342.0,214.0,336.0,266.0,332.0,291.0,297.0,247.0,307.0,230.0,306.0,280.0,304.0,303.0,263.0,261.0,275.0,247.0,279.0,282.0,280.0,300.0,1
114.0,396.0,162.0,304.0,204.0,226.0,244.0,198.0,260.0,227.0,109.0,199.0,226.0,201.0,227.0,241.0,196.0,253.0,98.0,249.0,234.0,254.0,220.0,288.0,187.0,287.0,106.0,305.0,234.0,307.0,215.0,331.0,182.0,328.0,122.0,356.0,224.0,355.0,206.0,365.0,172.0,363.0,1
99.0,387.0,164.0,319.0,212.0,261.0,244.0,241.0,228.0,276.0,95.0,196.0,197.0,227.0,197.0,267.0,170.0,274.0,61.0,232.0,183.0,276.0,172.0,308.0,144.0,301.0,46.0,280.0,162.0,326.0,147.0,346.0,117.0,335.0,41.0,331.0,132.0,369.0,121.0,376.0,94.0,365.0,1
94.0,390.0,163.0,359.0,222.0,323.0,254.0,302.0,231.0,314.0,151.0,194.0,213.0,262.0,204.0,304.0,182.0,296.0,98.0,210.0,176.0,300.0,171.0,340.0,148.0,321.0,57.0,251.0,131.0,335.0,129.0,360.0,104.0,338.0,26.0,301.0,79.0,367.0,87.0,382.0,73.0,363.0,1
93.0,387.0,153.0,384.0,214.0,366.0,237.0,356.0,204.0,357.0,188.0,217.0,206.0,294.0,196.0,342.0,183.0,332.0,129.0,213.0,148.0,313.0,149.0,360.0,144.0,340.0,73.0,236.0,91.0,330.0,102.0,370.0,101.0,350.0,24.0,268.0,37.0,341.0,53.0,372.0,59.0,358.0,1
92.0,380.0,166.0,335.0,227.0,301.0,263.0,278.0,231.0,292.0,130.0,191.0,210.0,256.0,203.0,293.0,178.0,286.0,76.0,218.0,173.0,300.0,169.0,330.0,147.0,310.0,39.0,262.0,130.0,341.0,131.0,356.0,107.0,332.0,14.0,311.0,83.0,371.0,94.0,376.0,79.0,356.0,1
95.0,379.0,166.0,352.0,228.0,325.0,260.0,308.0,230.0,318.0,158.0,195.0,216.0,263.0,211.0,309.0,190.0,308.0,99.0,209.0,170.0,301.0,172.0,345.0,154.0,331.0,53.0,248.0,121.0,333.0,127.0,364.0,109.0,348.0,17.0,295.0,66.0,360.0,83.0,379.0,77.0,364.0,1
89.0,379.0,160.0,316.0,219.0,269.0,258.0,249.0,231.0,285.0,103.0,192.0,200.0,240.0,205.0,280.0,179.0,284.0,57.0,233.0,175.0,298.0,175.0,327.0,149.0,314.0,31.0,286.0,143.0,346.0,145.0,358.0,117.0,341.0,19.0,339.0,105.0,384.0,114.0,386.0,93.0,370.0,1
84.0,395.0,151.0,319.0,201.0,256.0,235.0,223.0,218.0,261.0,71.0,198.0,177.0,229.0,183.0,267.0,156.0,273.0,34.0,245.0,165.0,287.0,165.0,315.0,134.0,310.0,19.0,302.0,144.0,342.0,142.0,355.0,108.0,344.0,16.0,357.0,117.0,388.0,121.0,390.0,94.0,380.0,1
99.0,410.0,142.0,307.0,179.0,228.0,215.0,196.0,223.0,237.0,48.0,209.0,163.0,206.0,185.0,246.0,166.0,262.0,33.0,266.0,173.0,269.0,179.0,298.0,150.0,299.0,39.0,326.0,175.0,330.0,172.0,346.0,138.0,341.0,57.0,380.0,167.0,380.0,168.0,380.0,141.0,376.0,1
96.0,391.0,111.0,288.0,132.0,204.0,165.0,172.0,185.0,207.0,21.0,250.0,132.0,203.0,157.0,233.0,139.0,261.0,29.0,312.0,163.0,256.0,168.0,280.0,140.0,297.0,58.0,364.0,191.0,312.0,183.0,328.0,153.0,338.0,97.0,405.0,203.0,359.0,190.0,362.0,159.0,369.0,1
114.0,366.0,129.0,283.0,150.0,212.0,185.0,181.0,205.0,215.0,30.0,240.0,157.0,204.0,175.0,229.0,149.0,251.0,34.0,302.0,180.0,261.0,178.0,281.0,146.0,292.0,60.0,356.0,199.0,318.0,182.0,331.0,145.0,337.0,94.0,400.0,199.0,369.0,182.0,371.0,146.0,377.0,1
128.0,354.0,148.0,283.0,178.0,221.0,203.0,188.0,206.0,223.0,43.0,236.0,176.0,216.0,182.0,236.0,149.0,249.0,47.0,300.0,198.0,269.0,184.0,282.0,145.0,288.0,72.0,356.0,214.0,323.0,192.0,329.0,149.0,332.0,105.0,402.0,214.0,371.0,195.0,368.0,155.0,370.0,1
109.0,329.0,149.0,272.0,191.0,224.0,226.0,214.0,227.0,259.0,55.0,191.0,185.0,216.0,188.0,238.0,157.0,240.0,31.0,249.0,190.0,268.0,178.0,283.0,135.0,278.0,35.0,312.0,181.0,324.0,164.0,330.0,121.0,321.0,50.0,370.0,162.0,374.0,149.0,366.0,112.0,355.0,1
120.0,354.0,173.0,318.0,223.0,273.0,246.0,248.0,220.0,274.0,104.0,173.0,200.0,227.0,204.0,266.0,177.0,267.0,58.0,209.0,178.0,276.0,180.0,309.0,147.0,299.0,35.0,263.0,146.0,325.0,149.0,344.0,120.0,331.0,22.0,321.0,106.0,367.0,114.0,375.0,92.0,363.0,1
80.0,384.0,143.0,319.0,191.0,266.0,221.0,234.0,207.0,258.0,70.0,178.0,171.0,217.0,180.0,259.0,155.0,267.0,34.0,220.0,155.0,267.0,158.0,301.0,131.0,300.0,17.0,278.0,130.0,317.0,130.0,337.0,100.0,332.0,12.0,338.0,101.0,364.0,107.0,370.0,86.0,363.0,1
104.0,380.0,168.0,349.0,223.0,316.0,253.0,295.0,240.0,296.0,150.0,185.0,217.0,247.0,210.0,291.0,184.0,289.0,93.0,202.0,175.0,285.0,174.0,326.0,151.0,312.0,51.0,244.0,129.0,325.0,132.0,352.0,109.0,336.0,19.0,296.0,77.0,359.0,92.0,374.0,81.0,359.0,1
106.0,372.0,172.0,354.0,233.0,330.0,262.0,316.0,235.0,321.0,190.0,181.0,229.0,259.0,218.0,305.0,198.0,298.0,128.0,185.0,174.0,283.0,174.0,331.0,164.0,317.0,74.0,217.0,119.0,313.0,126.0,349.0,116.0,331.0,30.0,259.0,64.0,335.0,82.0,359.0,84.0,343.0,1
107.0,377.0,171.0,371.0,236.0,354.0,260.0,340.0,223.0,340.0,218.0,197.0,233.0,274.0,218.0,320.0,205.0,314.0,155.0,190.0,172.0,288.0,167.0,338.0,162.0,323.0,97.0,211.0,114.0,306.0,119.0,348.0,115.0,331.0,46.0,242.0,58.0,317.0,74.0,348.0,80.0,334.0,1
103.0,373.0,169.0,364.0,228.0,348.0,255.0,338.0,226.0,329.0,211.0,193.0,235.0,279.0,218.0,322.0,202.0,313.0,149.0,189.0,176.0,295.0,168.0,336.0,160.0,321.0,90.0,212.0,118.0,313.0,119.0,347.0,113.0,327.0,38.0,246.0,61.0,323.0,75.0,349.0,80.0,335.0,1
116.0,369.0,177.0,373.0,243.0,366.0,250.0,349.0,205.0,341.0,247.0,205.0,238.0,281.0,220.0,327.0,215.0,320.0,184.0,185.0,174.0,279.0,167.0,330.0,169.0,316.0,125.0,194.0,116.0,288.0,119.0,330.0,125.0,312.0,72.0,215.0,65.0,290.0,77.0,325.0,88.0,312.0,1
115.0,357.0,180.0,353.0,237.0,343.0,267.0,332.0,251.0,328.0,235.0,191.0,252.0,270.0,231.0,308.0,216.0,295.0,176.0,181.0,197.0,284.0,184.0,327.0,178.0,309.0,119.0,197.0,140.0,300.0,136.0,332.0,129.0,310.0,67.0,225.0,84.0,304.0,94.0,331.0,98.0,318.0,1
109.0,365.0,166.0,379.0,234.0,375.0,244.0,361.0,202.0,347.0,244.0,215.0,232.0,290.0,212.0,335.0,207.0,324.0,185.0,194.0,171.0,288.0,162.0,337.0,167.0,318.0,126.0,199.0,110.0,291.0,112.0,335.0,120.0,315.0,71.0,216.0,59.0,290.0,70.0,327.0,83.0,315.0,1
108.0,353.0,183.0,340.0,243.0,326.0,280.0,313.0,271.0,311.0,212.0,181.0,252.0,259.0,233.0,295.0,216.0,284.0,155.0,181.0,203.0,286.0,189.0,320.0,177.0,298.0,104.0,206.0,149.0,307.0,144.0,329.0,131.0,304.0,59.0,241.0,95.0,318.0,103.0,334.0,98.0,316.0,1
104.0,359.0,183.0,323.0,246.0,296.0,288.0,278.0,266.0,287.0,179.0,163.0,248.0,235.0,234.0,273.0,212.0,265.0,123.0,182.0,207.0,278.0,193.0,310.0,173.0,288.0,79.0,222.0,161.0,314.0,152.0,331.0,131.0,306.0,46.0,270.0,109.0,338.0,116.0,347.0,105.0,326.0,1
103.0,360.0,182.0,337.0,245.0,317.0,285.0,305.0,287.0,310.0,201.0,173.0,255.0,246.0,241.0,287.0,219.0,279.0,144.0,179.0,210.0,278.0,198.0,317.0,178.0,298.0,95.0,211.0,156.0,304.0,150.0,333.0,129.0,312.0,53.0,254.0,99.0,324.0,107.0,343.0,99.0,327.0,1
100.0,360.0,185.0,300.0,250.0,259.0,294.0,243.0,273.0,272.0,153.0,155.0,242.0,216.0,241.0,258.0,216.0,262.0,105.0,185.0,211.0,268.0,206.0,297.0,182.0,281.0,73.0,234.0,175.0,315.0,172.0,327.0,148.0,305.0,53.0,286.0,135.0,348.0,140.0,351.0,119.0,333.0,1
92.0,356.0,173.0,284.0,234.0,230.0,276.0,212.0,256.0,249.0,122.0,152.0,224.0,199.0,223.0,242.0,196.0,246.0,81.0,192.0,206.0,254.0,196.0,282.0,167.0,271.0,58.0,246.0,179.0,310.0,166.0,319.0,135.0,299.0,49.0,301.0,147.0,350.0,138.0,351.0,108.0,334.0,1
97.0,349.0,173.0,283.0,234.0,238.0,276.0,223.0,257.0,258.0,127.0,150.0,229.0,207.0,234.0,247.0,209.0,249.0,85.0,191.0,207.0,260.0,203.0,287.0,177.0,274.0,62.0,246.0,180.0,310.0,173.0,322.0,142.0,304.0,51.0,303.0,144.0,350.0,144.0,351.0,117.0,337.0,1
90.0,366.0,159.0,268.0,203.0,195.0,238.0,173.0,232.0,213.0,71.0,159.0,191.0,170.0,201.0,218.0,171.0,232.0,47.0,211.0,189.0,231.0,191.0,265.0,161.0,262.0,46.0,271.0,183.0,293.0,179.0,313.0,147.0,306.0,58.0,327.0,166.0,343.0,165.0,347.0,136.0,339.0,1
101.0,334.0,158.0,264.0,207.0,212.0,244.0,196.0,243.0,231.0,95.0,149.0,211.0,194.0,214.0,229.0,189.0,231.0,63.0,194.0,199.0,243.0,190.0,265.0,160.0,257.0,49.0,251.0,181.0,295.0,166.0,305.0,133.0,292.0,48.0,308.0,153.0,339.0,147.0,338.0,121.0,328.0,1
92.0,353.0,147.0,266.0,194.0,199.0,232.0,171.0,230.0,203.0,64.0,160.0,192.0,171.0,201.0,211.0,167.0,221.0,47.0,216.0,194.0,230.0,189.0,256.0,157.0,255.0,52.0,278.0,192.0,292.0,180.0,306.0,144.0,299.0,70.0,333.0,181.0,341.0,172.0,344.0,138.0,337.0,1
100.0,346.0,136.0,255.0,174.0,180.0,213.0,150.0,224.0,182.0,55.0,172.0,182.0,162.0,193.0,200.0,160.0,216.0,52.0,232.0,197.0,217.0,192.0,244.0,160.0,250.0,69.0,291.0,210.0,277.0,193.0,294.0,159.0,295.0,97.0,343.0,206.0,327.0,188.0,331.0,153.0,331.0,1
112.0,330.0,149.0,252.0,190.0,191.0,232.0,165.0,241.0,191.0,71.0,163.0,202.0,165.0,210.0,198.0,176.0,209.0,62.0,220.0,212.0,221.0,204.0,242.0,175.0,243.0,76.0,279.0,220.0,280.0,198.0,293.0,162.0,290.0,99.0,331.0,210.0,330.0,193.0,332.0,158.0,327.0,1
89.0,351.0,102.0,253.0,129.0,167.0,168.0,133.0,190.0,161.0,27.0,204.0,149.0,151.0,164.0,183.0,139.0,208.0,42.0,264.0,186.0,204.0,181.0,231.0,151.0,247.0,76.0,314.0,212.0,259.0,195.0,278.0,161.0,288.0,116.0,353.0,222.0,306.0,205.0,310.0,174.0,316.0,1
92.0,331.0,111.0,244.0,144.0,176.0,188.0,144.0,210.0,160.0,43.0,189.0,160.0,157.0,189.0,180.0,176.0,206.0,53.0,250.0,193.0,211.0,200.0,228.0,174.0,240.0,82.0,304.0,214.0,267.0,207.0,273.0,176.0,278.0,118.0,348.0,221.0,320.0,210.0,316.0,180.0,317.0,1
104.0,314.0,146.0,246.0,193.0,197.0,233.0,174.0,238.0,190.0,72.0,161.0,212.0,170.0,211.0,204.0,171.0,212.0,60.0,217.0,216.0,223.0,199.0,248.0,165.0,250.0,70.0,277.0,217.0,284.0,190.0,297.0,152.0,293.0,90.0,329.0,199.0,334.0,179.0,336.0,140.0,331.0,1
105.0,345.0,139.0,255.0,175.0,184.0,212.0,151.0,225.0,177.0,58.0,179.0,186.0,163.0,200.0,196.0,172.0,213.0,59.0,238.0,208.0,220.0,203.0,242.0,173.0,249.0,80.0,295.0,222.0,280.0,204.0,292.0,168.0,291.0,110.0,345.0,218.0,328.0,201.0,330.0,165.0,329.0,1
108.0,311.0,167.0,266.0,220.0,234.0,255.0,223.0,249.0,244.0,119.0,143.0,228.0,200.0,225.0,234.0,195.0,232.0,82.0,184.0,216.0,249.0,199.0,267.0,164.0,255.0,65.0,242.0,188.0,299.0,169.0,306.0,136.0,290.0,57.0,302.0,153.0,343.0,145.0,340.0,120.0,324.0,1
113.0,322.0,167.0,250.0,217.0,199.0,258.0,182.0,255.0,211.0,98.0,146.0,222.0,179.0,223.0,214.0,190.0,217.0,70.0,197.0,214.0,235.0,203.0,256.0,173.0,251.0,64.0,256.0,201.0,293.0,183.0,302.0,151.0,290.0,71.0,311.0,176.0,338.0,165.0,337.0,132.0,326.0,1
109.0,343.0,176.0,300.0,235.0,263.0,270.0,241.0,258.0,258.0,147.0,146.0,233.0,212.0,229.0,251.0,203.0,244.0,99.0,176.0,209.0,259.0,200.0,290.0,168.0,273.0,68.0,228.0,170.0,301.0,162.0,319.0,131.0,298.0,47.0,287.0,124.0,342.0,128.0,350.0,108.0,333.0,1
118.0,348.0,186.0,326.0,244.0,304.0,280.0,289.0,269.0,287.0,190.0,163.0,249.0,244.0,235.0,279.0,211.0,267.0,132.0,176.0,208.0,282.0,196.0,313.0,173.0,291.0,86.0,214.0,158.0,311.0,150.0,330.0,126.0,304.0,49.0,262.0,100.0,334.0,104.0,348.0,91.0,329.0,1
115.0,351.0,187.0,319.0,247.0,289.0,285.0,267.0,261.0,274.0,175.0,156.0,240.0,227.0,230.0,270.0,207.0,261.0,119.0,175.0,200.0,267.0,192.0,302.0,171.0,285.0,75.0,218.0,153.0,303.0,151.0,325.0,128.0,304.0,42.0,268.0,101.0,332.0,111.0,345.0,98.0,328.0,1
114.0,354.0,181.0,339.0,244.0,318.0,279.0,306.0,255.0,309.0,211.0,166.0,246.0,246.0,233.0,295.0,214.0,287.0,148.0,168.0,190.0,271.0,188.0,321.0,177.0,303.0,93.0,198.0,134.0,295.0,140.0,333.0,130.0,313.0,46.0,239.0,75.0,314.0,92.0,341.0,94.0,324.0,1
102.0,360.0,162.0,368.0,226.0,358.0,240.0,352.0,199.0,345.0,229.0,199.0,222.0,281.0,204.0,328.0,198.0,313.0,165.0,181.0,156.0,282.0,152.0,334.0,156.0,314.0,102.0,193.0,93.0,290.0,100.0,336.0,109.0,316.0,46.0,216.0,38.0,292.0,51.0,329.0,64.0,314.0,1
109.0,351.0,174.0,344.0,231.0,331.0,261.0,316.0,241.0,304.0,219.0,172.0,233.0,254.0,219.0,295.0,207.0,283.0,154.0,167.0,178.0,270.0,171.0,314.0,164.0,296.0,94.0,189.0,122.0,290.0,124.0,324.0,118.0,302.0,42.0,223.0,65.0,299.0,80.0,326.0,84.0,312.0,1
96.0,354.0,158.0,363.0,227.0,353.0,243.0,343.0,201.0,334.0,224.0,194.0,221.0,273.0,205.0,321.0,198.0,307.0,162.0,177.0,155.0,279.0,152.0,328.0,155.0,306.0,100.0,189.0,93.0,287.0,100.0,330.0,106.0,307.0,45.0,211.0,39.0,290.0,52.0,325.0,64.0,310.0,1
85.0,352.0,176.0,294.0,243.0,256.0,284.0,248.0,250.0,275.0,138.0,152.0,230.0,216.0,227.0,257.0,198.0,260.0,85.0,183.0,192.0,269.0,186.0,296.0,161.0,277.0,50.0,231.0,153.0,317.0,153.0,327.0,130.0,303.0,28.0,283.0,111.0,350.0,120.0,352.0,104.0,332.0,1
97.0,346.0,164.0,335.0,230.0,312.0,260.0,299.0,227.0,305.0,199.0,155.0,233.0,242.0,215.0,292.0,197.0,280.0,135.0,154.0,175.0,262.0,167.0,311.0,155.0,291.0,79.0,181.0,115.0,281.0,118.0,320.0,108.0,299.0,29.0,217.0,56.0,295.0,71.0,324.0,73.0,307.0,1
73.0,350.0,154.0,270.0,216.0,226.0,260.0,223.0,244.0,263.0,101.0,158.0,207.0,205.0,214.0,248.0,186.0,258.0,58.0,205.0,186.0,265.0,187.0,294.0,159.0,281.0,38.0,262.0,160.0,320.0,163.0,333.0,134.0,315.0,32.0,316.0,127.0,362.0,136.0,364.0,113.0,347.0,1
94.0,369.0,145.0,270.0,190.0,198.0,229.0,178.0,237.0,217.0,64.0,175.0,188.0,183.0,199.0,225.0,170.0,238.0,49.0,237.0,194.0,245.0,192.0,271.0,160.0,270.0,55.0,300.0,195.0,310.0,186.0,323.0,153.0,315.0,72.0,358.0,185.0,361.0,176.0,360.0,144.0,352.0,1
77.0,332.0,135.0,260.0,192.0,210.0,236.0,192.0,231.0,224.0,69.0,165.0,202.0,195.0,202.0,228.0,164.0,230.0,45.0,220.0,197.0,250.0,182.0,269.0,147.0,264.0,44.0,282.0,188.0,309.0,166.0,318.0,128.0,306.0,56.0,339.0,168.0,359.0,153.0,356.0,118.0,345.0,1
81.0,379.0,84.0,283.0,113.0,193.0,158.0,155.0,187.0,178.0,23.0,242.0,144.0,182.0,159.0,207.0,133.0,230.0,45.0,304.0,183.0,231.0,179.0,252.0,143.0,271.0,81.0,353.0,209.0,281.0,193.0,295.0,158.0,309.0,121.0,390.0,218.0,327.0,204.0,327.0,172.0,335.0,1
79.0,357.0,109.0,266.0,149.0,201.0,194.0,172.0,205.0,192.0,33.0,201.0,150.0,177.0,181.0,200.0,169.0,224.0,35.0,265.0,182.0,240.0,189.0,250.0,164.0,259.0,60.0,324.0,202.0,300.0,195.0,297.0,162.0,296.0,93.0,371.0,208.0,351.0,198.0,340.0,166.0,334.0,1
104.0,379.0,76.0,295.0,94.0,207.0,136.0,153.0,168.0,157.0,25.0,256.0,124.0,176.0,150.0,186.0,142.0,209.0,68.0,307.0,185.0,206.0,188.0,221.0,162.0,250.0,118.0,343.0,227.0,245.0,216.0,256.0,186.0,278.0,168.0,369.0,246.0,289.0,236.0,279.0,213.0,281.0,1
110.0,385.0,92.0,293.0,111.0,202.0,155.0,154.0,187.0,169.0,39.0,253.0,154.0,176.0,172.0,196.0,152.0,224.0,75.0,311.0,200.0,220.0,197.0,239.0,170.0,264.0,121.0,353.0,237.0,266.0,221.0,279.0,191.0,296.0,167.0,383.0,253.0,313.0,236.0,310.0,206.0,316.0,1
113.0,376.0,82.0,290.0,93.0,197.0,134.0,144.0,170.0,160.0,36.0,263.0,137.0,179.0,154.0,193.0,137.0,218.0,81.0,313.0,192.0,211.0,190.0,225.0,165.0,252.0,131.0,346.0,233.0,249.0,221.0,257.0,194.0,275.0,180.0,370.0,253.0,289.0,241.0,279.0,219.0,283.0,1
289.0,381.0,345.0,350.0,386.0,293.0,400.0,243.0,413.0,213.0,365.0,234.0,375.0,208.0,366.0,251.0,359.0,276.0,330.0,237.0,342.0,214.0,336.0,266.0,332.0,291.0,297.0,247.0,307.0,230.0,306.0,280.0,304.0,303.0,263.0,261.0,275.0,247.0,279.0,282.0,280.0,300.0,1
524.0,401.0,462.0,309.0,416.0,246.0,368.0,220.0,342.0,212.0,546.0,175.0,394.0,174.0,384.0,227.0,422.0,242.0,563.0,238.0,386.0,244.0,396.0,284.0,439.0,288.0,555.0,307.0,392.0,313.0,408.0,342.0,452.0,342.0,536.0,375.0,411.0,374.0,421.0,388.0,459.0,385.0,1
504.0,352.0,438.0,299.0,379.0,256.0,340.0,260.0,368.0,299.0,483.0,139.0,360.0,202.0,376.0,242.0,410.0,235.0,541.0,181.0,392.0,264.0,414.0,290.0,456.0,264.0,575.0,248.0,437.0,323.0,455.0,330.0,495.0,303.0,591.0,319.0,485.0,370.0,494.0,368.0,527.0,340.0,1
510.0,359.0,451.0,336.0,387.0,302.0,364.0,312.0,409.0,346.0,451.0,147.0,366.0,237.0,386.0,285.0,425.0,271.0,523.0,167.0,426.0,283.0,440.0,321.0,475.0,284.0,577.0,214.0,491.0,327.0,492.0,351.0,518.0,321.0,615.0,268.0,545.0,356.0,542.0,372.0,565.0,345.0,1
519.0,372.0,448.0,372.0,379.0,356.0,374.0,367.0,431.0,370.0,396.0,177.0,358.0,283.0,381.0,323.0,410.0,295.0,470.0,170.0,443.0,299.0,448.0,341.0,462.0,298.0,536.0,191.0,522.0,320.0,513.0,357.0,516.0,321.0,594.0,228.0,583.0,327.0,568.0,359.0,567.0,333.0,1
500.0,360.0,423.0,338.0,361.0,316.0,340.0,321.0,396.0,332.0,411.0,151.0,342.0,245.0,371.0,291.0,399.0,271.0,484.0,161.0,402.0,278.0,425.0,317.0,447.0,281.0,545.0,203.0,474.0,321.0,483.0,345.0,504.0,310.0,593.0,254.0,539.0,342.0,541.0,353.0,558.0,323.0,1
511.0,365.0,439.0,370.0,366.0,362.0,366.0,379.0,433.0,383.0,370.0,184.0,346.0,300.0,376.0,342.0,402.0,313.0,446.0,170.0,432.0,301.0,445.0,347.0,454.0,307.0,518.0,184.0,518.0,314.0,513.0,353.0,512.0,317.0,582.0,215.0,580.0,313.0,569.0,347.0,563.0,322.0,1
523.0,358.0,425.0,295.0,358.0,259.0,323.0,282.0,355.0,332.0,473.0,151.0,335.0,230.0,355.0,274.0,395.0,259.0,533.0,195.0,376.0,298.0,402.0,306.0,438.0,278.0,572.0,261.0,427.0,364.0,445.0,357.0,480.0,327.0,594.0,331.0,476.0,398.0,490.0,382.0,529.0,350.0,1
488.0,344.0,416.0,330.0,342.0,309.0,338.0,334.0,415.0,368.0,410.0,147.0,332.0,257.0,356.0,300.0,397.0,279.0,488.0,161.0,405.0,298.0,417.0,323.0,446.0,281.0,549.0,204.0,476.0,340.0,475.0,352.0,497.0,313.0,596.0,258.0,532.0,359.0,527.0,366.0,545.0,335.0,1
511.0,358.0,431.0,279.0,369.0,235.0,318.0,249.0,330.0,299.0,499.0,152.0,350.0,205.0,357.0,251.0,395.0,245.0,545.0,209.0,370.0,279.0,391.0,297.0,430.0,280.0,568.0,282.0,403.0,352.0,420.0,357.0,458.0,337.0,575.0,356.0,446.0,398.0,455.0,392.0,489.0,371.0,1
516.0,377.0,469.0,272.0,418.0,204.0,358.0,178.0,341.0,183.0,565.0,168.0,403.0,136.0,385.0,187.0,419.0,208.0,566.0,243.0,374.0,213.0,376.0,251.0,422.0,261.0,543.0,316.0,367.0,292.0,381.0,314.0,431.0,315.0,512.0,379.0,379.0,350.0,389.0,356.0,433.0,354.0,1
497.0,344.0,435.0,269.0,379.0,215.0,330.0,209.0,336.0,248.0,518.0,142.0,365.0,162.0,366.0,201.0,404.0,197.0,553.0,207.0,370.0,234.0,391.0,258.0,437.0,242.0,560.0,285.0,382.0,317.0,403.0,324.0,447.0,311.0,548.0,359.0,413.0,370.0,430.0,365.0,472.0,348.0,1
520.0,370.0,502.0,267.0,456.0,196.0,384.0,164.0,355.0,165.0,589.0,184.0,431.0,126.0,404.0,171.0,434.0,196.0,573.0,260.0,387.0,190.0,384.0,227.0,427.0,246.0,535.0,331.0,362.0,265.0,373.0,290.0,423.0,304.0,489.0,390.0,360.0,332.0,373.0,340.0,418.0,349.0,1
525.0,362.0,539.0,259.0,523.0,171.0,464.0,124.0,432.0,129.0,638.0,222.0,524.0,114.0,493.0,143.0,511.0,181.0,599.0,283.0,457.0,155.0,443.0,189.0,477.0,223.0,542.0,333.0,402.0,211.0,409.0,241.0,455.0,274.0,479.0,370.0,381.0,272.0,390.0,284.0,428.0,311.0,1
478.0,351.0,470.0,248.0,448.0,174.0,400.0,135.0,368.0,144.0,572.0,188.0,434.0,114.0,404.0,147.0,434.0,174.0,549.0,254.0,386.0,168.0,383.0,202.0,418.0,227.0,505.0,315.0,351.0,241.0,361.0,264.0,402.0,284.0,456.0,367.0,345.0,299.0,357.0,307.0,396.0,322.0,1
483.0,339.0,523.0,245.0,513.0,156.0,457.0,105.0,412.0,111.0,599.0,234.0,500.0,118.0,470.0,140.0,490.0,176.0,547.0,291.0,425.0,150.0,417.0,176.0,450.0,214.0,482.0,329.0,365.0,196.0,377.0,224.0,416.0,266.0,417.0,353.0,339.0,253.0,360.0,259.0,399.0,291.0,1
470.0,321.0,466.0,218.0,448.0,149.0,404.0,120.0,370.0,143.0,562.0,196.0,432.0,116.0,411.0,141.0,444.0,165.0,536.0,260.0,381.0,171.0,390.0,195.0,426.0,217.0,490.0,317.0,344.0,240.0,362.0,251.0,399.0,268.0,442.0,362.0,337.0,295.0,355.0,297.0,392.0,311.0,1
440.0,336.0,423.0,265.0,390.0,214.0,343.0,193.0,340.0,229.0,531.0,192.0,392.0,163.0,376.0,197.0,409.0,207.0,535.0,257.0,370.0,228.0,376.0,254.0,419.0,256.0,515.0,325.0,359.0,302.0,372.0,309.0,412.0,308.0,484.0,383.0,371.0,359.0,384.0,356.0,422.0,351.0,1
463.0,322.0,442.0,235.0,406.0,179.0,355.0,160.0,334.0,190.0,544.0,195.0,400.0,142.0,383.0,169.0,420.0,183.0,535.0,266.0,367.0,207.0,372.0,231.0,417.0,240.0,504.0,333.0,343.0,283.0,358.0,288.0,402.0,291.0,465.0,387.0,345.0,343.0,360.0,339.0,400.0,339.0,1
465.0,333.0,431.0,275.0,384.0,231.0,349.0,224.0,358.0,269.0,529.0,180.0,388.0,188.0,385.0,222.0,425.0,233.0,547.0,242.0,383.0,252.0,396.0,270.0,444.0,267.0,542.0,309.0,390.0,316.0,406.0,319.0,451.0,312.0,523.0,369.0,405.0,367.0,421.0,365.0,467.0,355.0,1
473.0,328.0,426.0,295.0,371.0,261.0,345.0,275.0,373.0,320.0,480.0,172.0,359.0,224.0,370.0,261.0,413.0,266.0,525.0,220.0,388.0,288.0,405.0,304.0,452.0,288.0,548.0,281.0,418.0,347.0,434.0,350.0,477.0,331.0,555.0,344.0,449.0,385.0,462.0,383.0,505.0,366.0,1
488.0,319.0,437.0,265.0,384.0,228.0,344.0,239.0,362.0,292.0,508.0,169.0,379.0,206.0,381.0,243.0,416.0,242.0,545.0,222.0,391.0,268.0,405.0,289.0,448.0,273.0,557.0,287.0,412.0,332.0,425.0,334.0,465.0,316.0,553.0,348.0,444.0,375.0,454.0,370.0,489.0,351.0,1
484.0,361.0,424.0,349.0,361.0,321.0,348.0,331.0,402.0,359.0,426.0,182.0,347.0,266.0,358.0,300.0,391.0,289.0,490.0,198.0,407.0,312.0,415.0,333.0,446.0,303.0,539.0,235.0,469.0,350.0,465.0,360.0,486.0,323.0,577.0,284.0,522.0,367.0,510.0,376.0,524.0,348.0,1
489.0,361.0,417.0,317.0,361.0,284.0,339.0,304.0,377.0,351.0,456.0,177.0,350.0,251.0,369.0,286.0,401.0,275.0,511.0,209.0,387.0,305.0,412.0,320.0,444.0,290.0,547.0,265.0,435.0,357.0,451.0,353.0,481.0,321.0,569.0,326.0,479.0,391.0,492.0,380.0,521.0,346.0,1
497.0,372.0,434.0,360.0,368.0,341.0,363.0,347.0,422.0,364.0,399.0,186.0,344.0,276.0,367.0,317.0,396.0,299.0,465.0,187.0,413.0,304.0,424.0,340.0,444.0,303.0,521.0,215.0,480.0,334.0,481.0,359.0,496.0,326.0,568.0,256.0,532.0,346.0,526.0,368.0,535.0,344.0,1
488.0,362.0,416.0,332.0,357.0,311.0,342.0,326.0,397.0,351.0,421.0,169.0,340.0,258.0,365.0,295.0,392.0,277.0,484.0,188.0,387.0,301.0,411.0,326.0,436.0,286.0,534.0,235.0,445.0,344.0,457.0,353.0,480.0,317.0,570.0,290.0,500.0,369.0,506.0,365.0,526.0,330.0,1
496.0,369.0,427.0,370.0,360.0,356.0,366.0,361.0,435.0,366.0,379.0,193.0,344.0,290.0,368.0,333.0,394.0,313.0,446.0,186.0,418.0,302.0,427.0,343.0,438.0,308.0,507.0,204.0,493.0,325.0,484.0,358.0,486.0,325.0,561.0,238.0,545.0,327.0,532.0,357.0,530.0,337.0,1
509.0,369.0,421.0,315.0,365.0,280.0,343.0,299.0,375.0,347.0,461.0,170.0,346.0,244.0,369.0,277.0,402.0,262.0,514.0,203.0,384.0,299.0,411.0,306.0,440.0,279.0,552.0,259.0,429.0,348.0,447.0,347.0,476.0,325.0,575.0,322.0,478.0,382.0,493.0,371.0,525.0,345.0,1
522.0,363.0,461.0,287.0,412.0,242.0,364.0,223.0,363.0,216.0,538.0,161.0,400.0,169.0,393.0,217.0,424.0,227.0,563.0,215.0,400.0,232.0,406.0,269.0,444.0,267.0,565.0,280.0,411.0,303.0,422.0,323.0,462.0,316.0,554.0,341.0,433.0,353.0,438.0,360.0,472.0,351.0,1
491.0,347.0,432.0,283.0,383.0,240.0,343.0,243.0,356.0,283.0,499.0,162.0,370.0,200.0,377.0,235.0,408.0,230.0,541.0,212.0,386.0,261.0,406.0,283.0,444.0,263.0,558.0,281.0,411.0,331.0,428.0,336.0,463.0,318.0,558.0,349.0,445.0,376.0,456.0,369.0,487.0,348.0,1
510.0,357.0,494.0,266.0,460.0,203.0,405.0,170.0,381.0,162.0,577.0,187.0,443.0,134.0,420.0,176.0,447.0,200.0,563.0,251.0,404.0,194.0,402.0,229.0,440.0,246.0,531.0,310.0,384.0,260.0,396.0,284.0,439.0,295.0,495.0,360.0,385.0,312.0,396.0,320.0,434.0,327.0,1
516.0,330.0,477.0,240.0,442.0,190.0,399.0,174.0,379.0,191.0,564.0,184.0,433.0,151.0,418.0,184.0,450.0,200.0,564.0,246.0,411.0,207.0,418.0,231.0,458.0,241.0,544.0,306.0,400.0,279.0,410.0,293.0,450.0,299.0,518.0,359.0,414.0,333.0,423.0,332.0,456.0,336.0,1
511.0,350.0,525.0,262.0,502.0,191.0,439.0,153.0,395.0,150.0,596.0,220.0,479.0,138.0,452.0,168.0,473.0,197.0,563.0,281.0,424.0,180.0,418.0,210.0,452.0,236.0,514.0,330.0,385.0,236.0,393.0,259.0,434.0,283.0,463.0,368.0,374.0,291.0,382.0,294.0,416.0,309.0,1
508.0,344.0,556.0,270.0,554.0,193.0,499.0,140.0,456.0,130.0,610.0,260.0,532.0,140.0,507.0,151.0,515.0,185.0,555.0,305.0,461.0,158.0,452.0,174.0,473.0,212.0,492.0,335.0,403.0,195.0,414.0,212.0,442.0,250.0,430.0,350.0,376.0,244.0,392.0,248.0,418.0,280.0,1
499.0,357.0,530.0,275.0,522.0,202.0,471.0,149.0,425.0,133.0,603.0,246.0,508.0,137.0,471.0,162.0,487.0,196.0,556.0,295.0,449.0,165.0,430.0,193.0,455.0,230.0,497.0,330.0,394.0,214.0,394.0,240.0,425.0,275.0,441.0,355.0,367.0,270.0,380.0,284.0,413.0,313.0,1
494.0,343.0,540.0,266.0,541.0,190.0,490.0,136.0,439.0,126.0,596.0,259.0,522.0,139.0,492.0,153.0,498.0,189.0,542.0,303.0,454.0,162.0,441.0,178.0,461.0,214.0,478.0,330.0,395.0,193.0,399.0,214.0,427.0,255.0,416.0,344.0,359.0,245.0,375.0,249.0,405.0,278.0,1
453.0,332.0,434.0,262.0,401.0,217.0,358.0,200.0,348.0,225.0,540.0,190.0,398.0,166.0,386.0,196.0,420.0,207.0,544.0,255.0,381.0,227.0,387.0,251.0,429.0,255.0,524.0,322.0,368.0,297.0,382.0,304.0,421.0,303.0,491.0,379.0,378.0,353.0,393.0,351.0,432.0,348.0,1
475.0,345.0,473.0,250.0,455.0,185.0,415.0,152.0,383.0,161.0,566.0,217.0,445.0,139.0,420.0,170.0,447.0,199.0,542.0,278.0,400.0,192.0,396.0,221.0,429.0,246.0,500.0,331.0,367.0,254.0,374.0,272.0,408.0,291.0,454.0,374.0,354.0,308.0,368.0,316.0,408.0,332.0,1
466.0,326.0,438.0,269.0,398.0,228.0,354.0,210.0,345.0,229.0,530.0,180.0,390.0,173.0,384.0,203.0,421.0,211.0,544.0,240.0,383.0,235.0,395.0,257.0,439.0,255.0,535.0,306.0,382.0,303.0,399.0,309.0,440.0,302.0,511.0,366.0,396.0,357.0,411.0,354.0,450.0,345.0,1
485.0,352.0,436.0,311.0,380.0,265.0,350.0,264.0,373.0,309.0,500.0,167.0,371.0,213.0,379.0,257.0,423.0,264.0,542.0,217.0,390.0,280.0,410.0,306.0,461.0,294.0,559.0,282.0,418.0,340.0,436.0,351.0,482.0,338.0,560.0,350.0,448.0,384.0,463.0,388.0,507.0,375.0,1
480.0,361.0,424.0,285.0,381.0,240.0,345.0,236.0,351.0,270.0,513.0,169.0,376.0,190.0,376.0,228.0,411.0,229.0,541.0,224.0,384.0,250.0,401.0,276.0,440.0,268.0,548.0,291.0,398.0,318.0,416.0,330.0,454.0,321.0,538.0,358.0,423.0,370.0,439.0,371.0,477.0,359.0,1
60.0,86.0,68.0,79.0,73.0,67.0,80.0,59.0,87.0,57.0,59.0,47.0,57.0,29.0,56.0,17.0,54.0,7.0,53.0,48.0,46.0,29.0,42.0,17.0,38.0,7.0,49.0,54.0,41.0,38.0,36.0,27.0,32.0,18.0,46.0,63.0,37.0,53.0,31.0,46.0,26.0,39.0,2
62.0,94.0,72.0,84.0,77.0,69.0,82.0,57.0,86.0,49.0,64.0,51.0,65.0,34.0,65.0,24.0,65.0,15.0,56.0,52.0,53.0,34.0,52.0,22.0,50.0,12.0,50.0,57.0,43.0,42.0,39.0,33.0,37.0,25.0,45.0,65.0,38.0,56.0,34.0,50.0,31.0,44.0,2
60.0,90.0,69.0,78.0,74.0,62.0,80.0,50.0,86.0,43.0,59.0,47.0,57.0,30.0,55.0,20.0,54.0,11.0,51.0,49.0,47.0,32.0,44.0,21.0,42.0,12.0,45.0,54.0,39.0,39.0,37.0,29.0,35.0,21.0,39.0,63.0,32.0,54.0,29.0,48.0,27.0,42.0,2
62.0,97.0,71.0,84.0,73.0,68.0,74.0,54.0,76.0,43.0,61.0,54.0,60.0,36.0,59.0,25.0,58.0,16.0,52.0,57.0,49.0,39.0,47.0,27.0,45.0,18.0,46.0,63.0,40.0,47.0,37.0,37.0,36.0,28.0,41.0,72.0,33.0,64.0,30.0,57.0,28.0,50.0,2
52.0,93.0,61.0,82.0,65.0,66.0,69.0,53.0,74.0,44.0,50.0,49.0,49.0,32.0,49.0,21.0,49.0,11.0,43.0,51.0,41.0,33.0,40.0,21.0,39.0,10.0,37.0,56.0,33.0,39.0,32.0,29.0,31.0,19.0,33.0,64.0,28.0,52.0,26.0,44.0,25.0,36.0,2
48.0,97.0,59.0,89.0,66.0,74.0,71.0,61.0,78.0,53.0,57.0,53.0,59.0,36.0,59.0,25.0,60.0,16.0,49.0,52.0,50.0,33.0,50.0,21.0,50.0,10.0,43.0,55.0,42.0,37.0,42.0,26.0,42.0,16.0,36.0,60.0,34.0,47.0,33.0,38.0,33.0,29.0,2
54.0,91.0,62.0,81.0,67.0,66.0,74.0,56.0,84.0,53.0,55.0,46.0,56.0,27.0,57.0,16.0,58.0,7.0,47.0,47.0,44.0,28.0,43.0,15.0,42.0,6.0,40.0,53.0,34.0,36.0,32.0,25.0,30.0,16.0,35.0,61.0,29.0,51.0,25.0,44.0,22.0,37.0,2
55.0,92.0,63.0,80.0,67.0,64.0,71.0,52.0,77.0,45.0,57.0,48.0,59.0,30.0,58.0,19.0,58.0,11.0,49.0,49.0,47.0,30.0,47.0,17.0,46.0,8.0,43.0,54.0,37.0,37.0,34.0,27.0,33.0,17.0,37.0,63.0,29.0,56.0,23.0,51.0,18.0,46.0,2
47.0,93.0,59.0,85.0,67.0,72.0,74.0,62.0,81.0,56.0,53.0,49.0,55.0,31.0,56.0,21.0,57.0,12.0,45.0,49.0,45.0,29.0,46.0,17.0,46.0,8.0,39.0,52.0,36.0,35.0,35.0,24.0,34.0,15.0,32.0,58.0,28.0,46.0,26.0,37.0,25.0,30.0,2
48.0,92.0,59.0,83.0,66.0,70.0,73.0,61.0,80.0,57.0,54.0,48.0,58.0,33.0,59.0,24.0,61.0,16.0,47.0,48.0,47.0,31.0,47.0,20.0,48.0,12.0,41.0,51.0,37.0,36.0,37.0,27.0,36.0,20.0,35.0,58.0,30.0,50.0,27.0,44.0,24.0,39.0,2
56.0,94.0,66.0,82.0,70.0,66.0,72.0,53.0,75.0,42.0,57.0,50.0,56.0,33.0,55.0,22.0,55.0,14.0,50.0,51.0,46.0,33.0,45.0,22.0,43.0,12.0,44.0,56.0,39.0,40.0,37.0,29.0,36.0,20.0,39.0,63.0,33.0,53.0,31.0,45.0,29.0,37.0,2
51.0,98.0,61.0,89.0,69.0,76.0,75.0,65.0,82.0,58.0,55.0,55.0,57.0,37.0,58.0,26.0,59.0,16.0,47.0,55.0,45.0,36.0,44.0,23.0,43.0,13.0,41.0,59.0,38.0,42.0,36.0,30.0,35.0,20.0,35.0,67.0,32.0,54.0,31.0,45.0,30.0,36.0,2
52.0,93.0,62.0,83.0,70.0,70.0,78.0,60.0,86.0,54.0,52.0,48.0,52.0,30.0,51.0,20.0,51.0,11.0,44.0,49.0,41.0,31.0,39.0,19.0,38.0,9.0,38.0,54.0,33.0,38.0,31.0,27.0,30.0,18.0,32.0,63.0,26.0,54.0,23.0,47.0,20.0,41.0,2
49.0,98.0,60.0,89.0,69.0,76.0,76.0,66.0,84.0,60.0,54.0,52.0,55.0,34.0,55.0,22.0,54.0,12.0,46.0,52.0,44.0,31.0,42.0,18.0,41.0,7.0,39.0,56.0,35.0,37.0,32.0,25.0,30.0,15.0,32.0,63.0,25.0,52.0,21.0,43.0,17.0,36.0,2
54.0,103.0,65.0,93.0,72.0,80.0,79.0,70.0,87.0,64.0,56.0,58.0,57.0,39.0,57.0,27.0,57.0,17.0,48.0,59.0,45.0,39.0,44.0,26.0,42.0,16.0,41.0,63.0,36.0,46.0,33.0,35.0,31.0,25.0,35.0,72.0,29.0,61.0,24.0,54.0,21.0,47.0,2
50.0,96.0,59.0,86.0,65.0,71.0,71.0,61.0,78.0,55.0,52.0,50.0,52.0,32.0,51.0,21.0,51.0,12.0,43.0,51.0,40.0,32.0,38.0,20.0,37.0,10.0,36.0,56.0,29.0,41.0,26.0,31.0,24.0,22.0,31.0,65.0,24.0,57.0,20.0,50.0,17.0,44.0,2
50.0,95.0,60.0,83.0,64.0,67.0,68.0,55.0,74.0,46.0,51.0,49.0,51.0,32.0,50.0,21.0,49.0,12.0,43.0,50.0,40.0,32.0,38.0,21.0,37.0,11.0,36.0,56.0,31.0,41.0,29.0,31.0,28.0,22.0,30.0,66.0,25.0,55.0,23.0,48.0,21.0,41.0,2
44.0,99.0,56.0,93.0,66.0,85.0,76.0,78.0,85.0,76.0,52.0,54.0,56.0,36.0,58.0,25.0,59.0,16.0,44.0,52.0,43.0,31.0,43.0,18.0,42.0,8.0,36.0,54.0,34.0,36.0,34.0,25.0,34.0,17.0,29.0,61.0,25.0,49.0,24.0,41.0,23.0,34.0,2
53.0,105.0,65.0,95.0,72.0,79.0,78.0,65.0,84.0,53.0,56.0,58.0,56.0,37.0,56.0,24.0,56.0,13.0,48.0,58.0,46.0,36.0,45.0,21.0,44.0,8.0,41.0,63.0,37.0,42.0,36.0,28.0,35.0,16.0,34.0,71.0,29.0,56.0,27.0,46.0,26.0,35.0,2
50.0,103.0,60.0,91.0,66.0,76.0,69.0,64.0,76.0,56.0,51.0,55.0,51.0,36.0,51.0,25.0,50.0,15.0,43.0,56.0,40.0,36.0,39.0,24.0,37.0,13.0,36.0,62.0,32.0,43.0,30.0,32.0,29.0,22.0,30.0,71.0,23.0,60.0,20.0,52.0,16.0,44.0,2
51.0,101.0,61.0,90.0,66.0,75.0,69.0,62.0,75.0,53.0,54.0,54.0,56.0,34.0,57.0,21.0,57.0,11.0,45.0,54.0,43.0,32.0,41.0,17.0,40.0,5.0,38.0,59.0,33.0,40.0,30.0,27.0,28.0,16.0,31.0,68.0,24.0,56.0,19.0,48.0,15.0,40.0,2
54.0,86.0,64.0,75.0,70.0,62.0,73.0,52.0,79.0,45.0,59.0,45.0,60.0,31.0,60.0,24.0,60.0,17.0,52.0,45.0,50.0,29.0,48.0,22.0,47.0,16.0,46.0,47.0,41.0,34.0,39.0,27.0,36.0,21.0,40.0,52.0,33.0,43.0,30.0,38.0,27.0,32.0,2
54.0,90.0,63.0,79.0,71.0,66.0,81.0,57.0,90.0,52.0,52.0,51.0,52.0,35.0,51.0,25.0,50.0,17.0,43.0,53.0,39.0,36.0,36.0,25.0,33.0,17.0,36.0,58.0,28.0,43.0,25.0,34.0,22.0,27.0,30.0,66.0,20.0,57.0,14.0,51.0,10.0,45.0,2
53.0,95.0,65.0,83.0,73.0,69.0,82.0,59.0,91.0,54.0,55.0,51.0,56.0,34.0,56.0,23.0,55.0,15.0,45.0,52.0,42.0,34.0,40.0,23.0,38.0,14.0,37.0,57.0,31.0,40.0,28.0,30.0,26.0,21.0,29.0,65.0,21.0,54.0,16.0,46.0,12.0,39.0,2
49.0,92.0,61.0,82.0,70.0,70.0,78.0,62.0,86.0,56.0,52.0,51.0,54.0,36.0,55.0,27.0,56.0,19.0,44.0,52.0,43.0,35.0,42.0,25.0,41.0,17.0,37.0,55.0,34.0,40.0,33.0,30.0,33.0,22.0,30.0,62.0,25.0,51.0,22.0,43.0,20.0,36.0,2
46.0,90.0,58.0,83.0,68.0,73.0,76.0,65.0,84.0,62.0,54.0,54.0,57.0,41.0,58.0,33.0,59.0,27.0,46.0,54.0,46.0,38.0,45.0,29.0,45.0,22.0,39.0,56.0,38.0,42.0,38.0,34.0,38.0,28.0,32.0,60.0,30.0,50.0,30.0,44.0,30.0,39.0,2
52.0,86.0,65.0,78.0,73.0,67.0,78.0,56.0,85.0,51.0,59.0,51.0,61.0,37.0,61.0,29.0,61.0,22.0,51.0,51.0,50.0,35.0,49.0,26.0,48.0,18.0,44.0,54.0,41.0,39.0,40.0,30.0,39.0,23.0,37.0,59.0,31.0,49.0,28.0,43.0,26.0,36.0,2
55.0,93.0,67.0,85.0,75.0,74.0,83.0,65.0,89.0,59.0,58.0,53.0,60.0,37.0,60.0,27.0,59.0,19.0,48.0,53.0,47.0,36.0,46.0,24.0,45.0,16.0,40.0,57.0,36.0,41.0,35.0,31.0,33.0,23.0,32.0,64.0,27.0,53.0,24.0,46.0,22.0,39.0,2
61.0,94.0,72.0,84.0,78.0,67.0,83.0,54.0,90.0,47.0,60.0,51.0,60.0,35.0,60.0,25.0,59.0,17.0,50.0,52.0,44.0,35.0,40.0,25.0,36.0,16.0,42.0,57.0,35.0,42.0,31.0,32.0,28.0,23.0,36.0,63.0,28.0,53.0,24.0,45.0,20.0,38.0,2
55.0,94.0,67.0,85.0,76.0,73.0,82.0,62.0,87.0,53.0,57.0,53.0,58.0,38.0,59.0,29.0,59.0,21.0,48.0,54.0,46.0,38.0,44.0,27.0,43.0,19.0,41.0,58.0,37.0,43.0,34.0,33.0,33.0,25.0,35.0,64.0,29.0,54.0,25.0,47.0,22.0,40.0,2
49.0,95.0,62.0,87.0,72.0,75.0,79.0,63.0,86.0,55.0,58.0,56.0,64.0,39.0,67.0,29.0,70.0,21.0,48.0,55.0,48.0,36.0,49.0,25.0,49.0,15.0,38.0,58.0,35.0,42.0,34.0,32.0,34.0,22.0,29.0,65.0,21.0,56.0,16.0,49.0,12.0,42.0,2
55.0,95.0,67.0,86.0,74.0,73.0,81.0,64.0,88.0,61.0,62.0,56.0,64.0,42.0,65.0,33.0,65.0,26.0,54.0,56.0,55.0,40.0,55.0,31.0,55.0,23.0,47.0,59.0,44.0,45.0,43.0,37.0,42.0,30.0,40.0,64.0,35.0,55.0,32.0,49.0,30.0,43.0,2
55.0,97.0,69.0,90.0,79.0,78.0,85.0,66.0,91.0,58.0,61.0,57.0,63.0,42.0,64.0,32.0,64.0,24.0,52.0,57.0,51.0,40.0,50.0,29.0,50.0,20.0,44.0,60.0,42.0,44.0,41.0,34.0,41.0,26.0,36.0,65.0,31.0,54.0,27.0,46.0,25.0,39.0,2
54.0,90.0,65.0,80.0,73.0,68.0,78.0,57.0,83.0,48.0,57.0,52.0,58.0,37.0,58.0,29.0,58.0,21.0,48.0,52.0,44.0,36.0,42.0,27.0,41.0,19.0,40.0,56.0,35.0,42.0,31.0,33.0,29.0,25.0,34.0,63.0,26.0,54.0,21.0,48.0,17.0,42.0,2
54.0,92.0,67.0,84.0,75.0,69.0,81.0,57.0,88.0,51.0,61.0,52.0,64.0,36.0,65.0,26.0,65.0,18.0,52.0,52.0,52.0,34.0,52.0,23.0,52.0,14.0,43.0,55.0,40.0,39.0,39.0,29.0,38.0,20.0,35.0,61.0,30.0,50.0,27.0,42.0,26.0,35.0,2
57.0,92.0,67.0,82.0,74.0,68.0,79.0,57.0,85.0,50.0,59.0,52.0,59.0,37.0,59.0,28.0,58.0,21.0,51.0,53.0,48.0,37.0,46.0,27.0,44.0,19.0,44.0,57.0,41.0,42.0,39.0,32.0,38.0,25.0,38.0,63.0,32.0,53.0,29.0,45.0,26.0,38.0,2
51.0,93.0,65.0,84.0,74.0,70.0,82.0,60.0,90.0,56.0,61.0,52.0,65.0,36.0,67.0,27.0,69.0,19.0,51.0,51.0,52.0,35.0,53.0,24.0,53.0,16.0,43.0,55.0,40.0,40.0,40.0,30.0,40.0,22.0,34.0,61.0,30.0,51.0,29.0,44.0,28.0,37.0,2
47.0,95.0,63.0,89.0,72.0,75.0,78.0,64.0,85.0,59.0,57.0,53.0,61.0,38.0,63.0,27.0,64.0,19.0,47.0,52.0,45.0,34.0,44.0,23.0,42.0,14.0,38.0,55.0,34.0,39.0,32.0,28.0,30.0,19.0,29.0,61.0,21.0,50.0,16.0,43.0,12.0,35.0,2
51.0,92.0,62.0,81.0,69.0,67.0,70.0,54.0,74.0,45.0,53.0,52.0,53.0,36.0,53.0,27.0,53.0,19.0,44.0,53.0,41.0,36.0,40.0,26.0,38.0,18.0,37.0,57.0,33.0,42.0,31.0,33.0,30.0,25.0,30.0,64.0,24.0,54.0,20.0,48.0,17.0,41.0,2
49.0,95.0,62.0,85.0,72.0,72.0,80.0,63.0,89.0,58.0,52.0,52.0,55.0,34.0,56.0,23.0,57.0,14.0,41.0,52.0,39.0,33.0,37.0,21.0,36.0,11.0,32.0,56.0,27.0,39.0,25.0,29.0,23.0,20.0,24.0,64.0,17.0,54.0,13.0,46.0,10.0,40.0,2
51.0,95.0,60.0,82.0,65.0,68.0,68.0,57.0,74.0,51.0,53.0,55.0,54.0,41.0,55.0,34.0,56.0,27.0,45.0,55.0,44.0,41.0,43.0,32.0,42.0,25.0,39.0,58.0,35.0,45.0,33.0,38.0,31.0,31.0,34.0,64.0,28.0,56.0,25.0,51.0,22.0,46.0,2
45.0,93.0,56.0,84.0,64.0,72.0,69.0,62.0,73.0,56.0,55.0,57.0,60.0,45.0,63.0,38.0,64.0,32.0,47.0,56.0,49.0,42.0,50.0,33.0,51.0,26.0,40.0,58.0,40.0,45.0,40.0,37.0,40.0,31.0,33.0,62.0,31.0,54.0,29.0,48.0,28.0,42.0,2
56.0,87.0,67.0,78.0,73.0,63.0,76.0,51.0,78.0,42.0,58.0,48.0,59.0,33.0,59.0,24.0,59.0,15.0,49.0,49.0,47.0,32.0,45.0,21.0,43.0,13.0,42.0,52.0,38.0,38.0,36.0,28.0,35.0,20.0,36.0,59.0,31.0,48.0,28.0,41.0,26.0,34.0,2
58.0,93.0,66.0,83.0,71.0,70.0,77.0,60.0,84.0,54.0,56.0,58.0,57.0,43.0,57.0,34.0,57.0,27.0,48.0,60.0,44.0,44.0,42.0,35.0,41.0,27.0,41.0,64.0,37.0,51.0,35.0,42.0,34.0,34.0,36.0,70.0,30.0,61.0,27.0,54.0,24.0,48.0,2
60.0,92.0,68.0,82.0,75.0,70.0,80.0,61.0,87.0,56.0,62.0,57.0,64.0,44.0,65.0,36.0,64.0,30.0,54.0,58.0,52.0,43.0,50.0,35.0,48.0,28.0,47.0,62.0,43.0,49.0,41.0,41.0,40.0,35.0,41.0,68.0,34.0,60.0,30.0,55.0,27.0,49.0,2
47.0,88.0,59.0,78.0,65.0,63.0,68.0,49.0,74.0,41.0,46.0,49.0,46.0,35.0,46.0,25.0,44.0,16.0,37.0,50.0,33.0,35.0,31.0,25.0,28.0,16.0,30.0,55.0,23.0,42.0,20.0,33.0,17.0,25.0,24.0,62.0,17.0,52.0,12.0,46.0,8.0,40.0,2
63.0,94.0,71.0,83.0,76.0,68.0,78.0,55.0,82.0,46.0,59.0,57.0,60.0,42.0,60.0,33.0,60.0,25.0,50.0,59.0,45.0,43.0,43.0,33.0,40.0,25.0,43.0,64.0,36.0,51.0,32.0,42.0,29.0,35.0,38.0,73.0,31.0,64.0,26.0,59.0,22.0,53.0,2
55.0,87.0,64.0,76.0,70.0,63.0,74.0,52.0,81.0,46.0,55.0,49.0,57.0,34.0,57.0,25.0,58.0,18.0,47.0,50.0,46.0,34.0,45.0,24.0,44.0,16.0,40.0,54.0,36.0,40.0,34.0,30.0,34.0,23.0,33.0,61.0,27.0,51.0,24.0,45.0,21.0,38.0,2
52.0,89.0,62.0,79.0,67.0,66.0,68.0,55.0,72.0,47.0,53.0,55.0,53.0,42.0,54.0,34.0,53.0,27.0,45.0,56.0,43.0,42.0,41.0,33.0,40.0,26.0,39.0,60.0,35.0,47.0,33.0,39.0,32.0,32.0,34.0,65.0,28.0,57.0,24.0,51.0,21.0,46.0,2
46.0,88.0,57.0,80.0,65.0,67.0,73.0,58.0,81.0,53.0,54.0,52.0,58.0,38.0,60.0,29.0,61.0,21.0,46.0,51.0,46.0,36.0,47.0,26.0,47.0,17.0,38.0,54.0,35.0,40.0,34.0,31.0,33.0,23.0,31.0,60.0,27.0,49.0,24.0,42.0,22.0,35.0,2
49.0,92.0,60.0,86.0,70.0,77.0,80.0,70.0,90.0,65.0,56.0,59.0,61.0,44.0,63.0,35.0,65.0,26.0,46.0,58.0,44.0,42.0,43.0,32.0,43.0,23.0,37.0,61.0,33.0,47.0,32.0,39.0,31.0,31.0,30.0,67.0,25.0,58.0,24.0,52.0,23.0,46.0,2
51.0,98.0,64.0,90.0,73.0,77.0,81.0,67.0,89.0,63.0,61.0,59.0,65.0,44.0,67.0,35.0,69.0,28.0,52.0,59.0,51.0,42.0,51.0,32.0,50.0,24.0,43.0,62.0,41.0,47.0,40.0,37.0,40.0,29.0,35.0,68.0,28.0,58.0,24.0,51.0,21.0,44.0,2
48.0,99.0,62.0,91.0,70.0,77.0,77.0,65.0,87.0,59.0,55.0,58.0,57.0,43.0,57.0,33.0,56.0,25.0,45.0,58.0,44.0,42.0,43.0,31.0,42.0,23.0,37.0,62.0,35.0,47.0,33.0,38.0,32.0,30.0,30.0,69.0,24.0,59.0,21.0,52.0,19.0,45.0,2
51.0,87.0,58.0,75.0,63.0,62.0,69.0,53.0,76.0,50.0,52.0,51.0,54.0,38.0,56.0,31.0,57.0,24.0,44.0,52.0,42.0,38.0,41.0,29.0,40.0,23.0,37.0,56.0,34.0,43.0,32.0,35.0,31.0,29.0,31.0,61.0,27.0,52.0,24.0,47.0,23.0,41.0,2
56.0,86.0,64.0,76.0,68.0,64.0,71.0,54.0,73.0,46.0,53.0,53.0,53.0,40.0,53.0,32.0,52.0,26.0,45.0,55.0,41.0,41.0,38.0,32.0,36.0,26.0,38.0,59.0,32.0,47.0,28.0,40.0,25.0,33.0,34.0,66.0,24.0,60.0,18.0,56.0,14.0,51.0,2
53.0,96.0,68.0,88.0,76.0,74.0,81.0,63.0,88.0,57.0,59.0,57.0,63.0,40.0,66.0,30.0,67.0,22.0,49.0,58.0,48.0,41.0,47.0,30.0,47.0,21.0,40.0,63.0,37.0,48.0,36.0,37.0,36.0,28.0,32.0,71.0,22.0,63.0,16.0,57.0,11.0,51.0,2
44.0,97.0,59.0,89.0,72.0,76.0,82.0,66.0,93.0,62.0,59.0,55.0,67.0,38.0,71.0,28.0,74.0,19.0,49.0,53.0,51.0,34.0,53.0,22.0,55.0,12.0,39.0,55.0,38.0,38.0,37.0,26.0,38.0,16.0,29.0,61.0,21.0,49.0,17.0,40.0,14.0,31.0,2
55.0,95.0,67.0,83.0,74.0,69.0,82.0,58.0,90.0,52.0,52.0,51.0,53.0,34.0,54.0,24.0,53.0,15.0,41.0,52.0,36.0,34.0,33.0,23.0,29.0,15.0,33.0,57.0,22.0,44.0,16.0,36.0,11.0,29.0,28.0,65.0,16.0,60.0,9.0,55.0,3.0,51.0,2
56.0,100.0,65.0,87.0,69.0,70.0,70.0,57.0,75.0,49.0,54.0,58.0,54.0,42.0,54.0,33.0,53.0,25.0,45.0,60.0,42.0,42.0,41.0,31.0,39.0,22.0,38.0,64.0,34.0,49.0,32.0,40.0,31.0,32.0,32.0,72.0,27.0,61.0,24.0,54.0,22.0,48.0,2
56.0,98.0,68.0,87.0,76.0,71.0,81.0,59.0,89.0,51.0,56.0,57.0,55.0,40.0,54.0,30.0,52.0,21.0,46.0,59.0,41.0,40.0,38.0,29.0,35.0,19.0,37.0,65.0,31.0,49.0,28.0,38.0,26.0,30.0,31.0,74.0,22.0,65.0,16.0,58.0,12.0,52.0,2
47.0,90.0,61.0,80.0,70.0,65.0,76.0,51.0,84.0,43.0,56.0,44.0,60.0,29.0,63.0,20.0,64.0,12.0,46.0,43.0,46.0,27.0,46.0,16.0,47.0,8.0,36.0,46.0,34.0,31.0,33.0,21.0,33.0,13.0,28.0,51.0,23.0,41.0,22.0,34.0,20.0,27.0,2
43.0,92.0,56.0,83.0,67.0,71.0,77.0,62.0,86.0,58.0,54.0,51.0,58.0,35.0,60.0,26.0,61.0,17.0,45.0,50.0,46.0,32.0,46.0,22.0,46.0,13.0,36.0,53.0,35.0,35.0,36.0,25.0,36.0,16.0,27.0,58.0,24.0,45.0,23.0,36.0,22.0,28.0,2
46.0,93.0,58.0,81.0,66.0,66.0,72.0,53.0,80.0,46.0,49.0,49.0,49.0,33.0,49.0,23.0,48.0,15.0,39.0,50.0,37.0,33.0,37.0,22.0,36.0,13.0,31.0,54.0,27.0,39.0,26.0,29.0,26.0,21.0,23.0,61.0,17.0,50.0,14.0,43.0,11.0,36.0,2
40.0,97.0,56.0,90.0,69.0,77.0,81.0,68.0,91.0,64.0,55.0,54.0,60.0,39.0,63.0,30.0,65.0,23.0,45.0,52.0,46.0,35.0,46.0,25.0,45.0,16.0,36.0,54.0,33.0,39.0,31.0,30.0,30.0,23.0,28.0,59.0,20.0,49.0,15.0,43.0,11.0,37.0,2
44.0,88.0,57.0,80.0,69.0,69.0,79.0,60.0,87.0,56.0,54.0,47.0,58.0,33.0,60.0,25.0,61.0,18.0,45.0,46.0,46.0,31.0,47.0,21.0,48.0,14.0,37.0,49.0,37.0,34.0,37.0,26.0,38.0,19.0,29.0,54.0,26.0,44.0,23.0,37.0,22.0,31.0,2
49.0,99.0,62.0,92.0,71.0,78.0,75.0,66.0,79.0,56.0,58.0,58.0,61.0,43.0,62.0,33.0,63.0,26.0,49.0,57.0,50.0,39.0,50.0,28.0,50.0,20.0,41.0,59.0,40.0,43.0,40.0,32.0,40.0,24.0,33.0,64.0,28.0,52.0,25.0,44.0,23.0,37.0,2
58.0,103.0,70.0,92.0,76.0,77.0,82.0,66.0,91.0,60.0,56.0,59.0,57.0,42.0,57.0,32.0,56.0,23.0,46.0,61.0,42.0,43.0,40.0,32.0,38.0,22.0,37.0,68.0,30.0,52.0,26.0,41.0,23.0,32.0,31.0,77.0,22.0,66.0,16.0,59.0,12.0,51.0,2
48.0,93.0,60.0,82.0,69.0,67.0,75.0,56.0,82.0,49.0,55.0,51.0,58.0,36.0,60.0,26.0,60.0,18.0,46.0,51.0,46.0,35.0,46.0,24.0,45.0,15.0,38.0,55.0,35.0,40.0,33.0,30.0,32.0,22.0,30.0,62.0,25.0,51.0,22.0,43.0,20.0,36.0,2
48.0,95.0,63.0,87.0,73.0,75.0,80.0,63.0,88.0,57.0,58.0,53.0,62.0,37.0,63.0,27.0,64.0,18.0,48.0,52.0,47.0,35.0,46.0,24.0,46.0,14.0,39.0,55.0,38.0,39.0,38.0,28.0,38.0,20.0,32.0,60.0,28.0,48.0,26.0,39.0,25.0,31.0,2
37.0,96.0,52.0,91.0,65.0,77.0,73.0,62.0,83.0,53.0,56.0,54.0,66.0,39.0,71.0,30.0,76.0,22.0,47.0,51.0,53.0,34.0,58.0,23.0,62.0,15.0,37.0,52.0,39.0,35.0,40.0,24.0,43.0,15.0,28.0,57.0,26.0,44.0,26.0,35.0,27.0,27.0,2
50.0,102.0,64.0,92.0,73.0,77.0,78.0,63.0,83.0,53.0,61.0,58.0,67.0,42.0,71.0,33.0,74.0,24.0,51.0,57.0,54.0,39.0,55.0,28.0,57.0,19.0,42.0,60.0,43.0,43.0,44.0,33.0,45.0,24.0,34.0,65.0,32.0,53.0,31.0,45.0,31.0,37.0,2
50.0,99.0,63.0,89.0,72.0,73.0,79.0,60.0,88.0,54.0,55.0,54.0,57.0,37.0,58.0,27.0,58.0,19.0,45.0,54.0,43.0,37.0,41.0,26.0,40.0,17.0,37.0,59.0,32.0,43.0,29.0,34.0,27.0,26.0,30.0,66.0,22.0,56.0,18.0,50.0,14.0,43.0,2
45.0,98.0,62.0,88.0,71.0,73.0,77.0,61.0,85.0,55.0,55.0,53.0,60.0,35.0,62.0,24.0,63.0,15.0,44.0,52.0,44.0,33.0,44.0,22.0,44.0,13.0,34.0,55.0,33.0,38.0,32.0,27.0,33.0,18.0,25.0,61.0,19.0,48.0,16.0,40.0,14.0,32.0,2
44.0,103.0,59.0,94.0,71.0,82.0,82.0,73.0,93.0,69.0,54.0,60.0,59.0,43.0,61.0,32.0,63.0,23.0,43.0,60.0,43.0,39.0,44.0,26.0,44.0,17.0,33.0,63.0,29.0,44.0,28.0,33.0,28.0,24.0,24.0,70.0,18.0,56.0,15.0,47.0,13.0,39.0,2
42.0,100.0,58.0,93.0,70.0,81.0,81.0,74.0,91.0,72.0,57.0,54.0,65.0,39.0,68.0,29.0,70.0,21.0,46.0,52.0,49.0,33.0,50.0,22.0,50.0,13.0,37.0,54.0,34.0,37.0,32.0,27.0,32.0,19.0,28.0,60.0,20.0,49.0,15.0,41.0,11.0,34.0,2
50.0,96.0,63.0,84.0,69.0,67.0,72.0,51.0,79.0,42.0,57.0,50.0,62.0,33.0,64.0,22.0,66.0,14.0,46.0,49.0,46.0,30.0,46.0,18.0,45.0,9.0,37.0,53.0,34.0,35.0,33.0,24.0,32.0,15.0,29.0,59.0,21.0,49.0,16.0,42.0,13.0,35.0,2
44.0,88.0,58.0,80.0,71.0,71.0,84.0,65.0,95.0,63.0,53.0,49.0,57.0,33.0,59.0,24.0,60.0,16.0,44.0,48.0,43.0,31.0,42.0,20.0,42.0,12.0,35.0,51.0,31.0,35.0,29.0,25.0,28.0,17.0,28.0,56.0,18.0,48.0,12.0,42.0,7.0,37.0,2
46.0,97.0,60.0,86.0,69.0,72.0,78.0,60.0,86.0,52.0,54.0,53.0,59.0,37.0,61.0,28.0,62.0,20.0,44.0,53.0,46.0,35.0,47.0,25.0,48.0,16.0,35.0,56.0,33.0,39.0,31.0,29.0,30.0,20.0,26.0,63.0,19.0,51.0,14.0,43.0,10.0,35.0,2
52.0,105.0,68.0,95.0,78.0,79.0,84.0,65.0,92.0,57.0,59.0,60.0,62.0,41.0,63.0,29.0,64.0,19.0,47.0,61.0,46.0,40.0,45.0,26.0,44.0,16.0,37.0,65.0,33.0,46.0,32.0,34.0,31.0,24.0,28.0,72.0,22.0,59.0,19.0,49.0,16.0,40.0,2
49.0,96.0,63.0,86.0,74.0,72.0,81.0,60.0,89.0,53.0,57.0,53.0,61.0,36.0,62.0,26.0,63.0,18.0,46.0,53.0,46.0,34.0,45.0,22.0,44.0,14.0,37.0,57.0,34.0,39.0,32.0,29.0,31.0,21.0,29.0,63.0,23.0,51.0,20.0,44.0,17.0,36.0,2
51.0,101.0,65.0,91.0,72.0,76.0,78.0,63.0,86.0,57.0,58.0,59.0,63.0,42.0,65.0,32.0,66.0,24.0,48.0,58.0,50.0,38.0,50.0,27.0,49.0,17.0,39.0,61.0,30.0,45.0,25.0,35.0,20.0,27.0,32.0,67.0,20.0,58.0,12.0,52.0,5.0,46.0,2
54.0,99.0,69.0,89.0,79.0,74.0,84.0,60.0,89.0,51.0,57.0,54.0,58.0,38.0,57.0,28.0,55.0,20.0,47.0,55.0,42.0,38.0,39.0,28.0,35.0,20.0,39.0,59.0,33.0,44.0,29.0,35.0,25.0,28.0,32.0,65.0,25.0,56.0,21.0,49.0,17.0,43.0,2
57.0,96.0,69.0,83.0,74.0,65.0,76.0,51.0,81.0,42.0,51.0,48.0,50.0,31.0,49.0,21.0,47.0,13.0,41.0,51.0,34.0,34.0,30.0,24.0,26.0,16.0,33.0,57.0,24.0,43.0,20.0,33.0,16.0,25.0,27.0,66.0,18.0,57.0,13.0,51.0,9.0,45.0,2
42.0,97.0,55.0,88.0,67.0,76.0,80.0,70.0,90.0,68.0,50.0,56.0,53.0,40.0,55.0,31.0,56.0,22.0,40.0,55.0,36.0,37.0,34.0,26.0,32.0,18.0,31.0,59.0,26.0,43.0,23.0,33.0,21.0,24.0,24.0,65.0,17.0,54.0,12.0,47.0,9.0,40.0,2
47.0,95.0,64.0,88.0,76.0,74.0,85.0,63.0,95.0,58.0,58.0,48.0,62.0,30.0,64.0,19.0,65.0,10.0,46.0,47.0,46.0,27.0,47.0,14.0,47.0,3.0,35.0,50.0,33.0,32.0,32.0,20.0,32.0,10.0,25.0,58.0,17.0,46.0,13.0,38.0,9.0,31.0,2
43.0,95.0,60.0,88.0,75.0,75.0,85.0,63.0,96.0,57.0,60.0,50.0,66.0,31.0,69.0,20.0,71.0,9.0,48.0,47.0,49.0,26.0,49.0,12.0,49.0,0.0,38.0,50.0,36.0,30.0,35.0,17.0,36.0,5.0,28.0,56.0,22.0,41.0,20.0,31.0,17.0,21.0,2
40.0,100.0,56.0,92.0,68.0,80.0,78.0,69.0,87.0,62.0,55.0,55.0,61.0,38.0,64.0,28.0,66.0,20.0,45.0,53.0,47.0,34.0,49.0,23.0,51.0,14.0,35.0,55.0,35.0,39.0,36.0,29.0,38.0,21.0,27.0,61.0,22.0,50.0,20.0,42.0,18.0,35.0,2
56.0,102.0,69.0,91.0,76.0,75.0,81.0,61.0,86.0,50.0,58.0,54.0,60.0,35.0,61.0,24.0,61.0,14.0,47.0,54.0,44.0,33.0,41.0,20.0,39.0,8.0,38.0,59.0,29.0,41.0,24.0,29.0,20.0,19.0,30.0,68.0,19.0,55.0,12.0,46.0,7.0,37.0,2
52.0,97.0,66.0,86.0,77.0,70.0,84.0,57.0,94.0,49.0,56.0,47.0,59.0,31.0,60.0,21.0,61.0,12.0,46.0,48.0,44.0,30.0,42.0,19.0,41.0,10.0,37.0,52.0,32.0,36.0,30.0,27.0,28.0,18.0,28.0,60.0,23.0,49.0,20.0,42.0,17.0,35.0,2
44.0,97.0,58.0,86.0,69.0,70.0,80.0,59.0,90.0,54.0,52.0,52.0,57.0,34.0,59.0,23.0,60.0,13.0,42.0,52.0,42.0,31.0,43.0,18.0,43.0,7.0,33.0,55.0,29.0,36.0,27.0,25.0,26.0,15.0,25.0,61.0,18.0,48.0,14.0,39.0,11.0,30.0,2
53.0,85.0,65.0,75.0,75.0,62.0,84.0,52.0,92.0,47.0,58.0,44.0,63.0,28.0,65.0,17.0,67.0,9.0,48.0,44.0,47.0,25.0,46.0,14.0,44.0,5.0,39.0,47.0,34.0,31.0,31.0,21.0,29.0,13.0,32.0,53.0,23.0,43.0,17.0,36.0,13.0,30.0,2
49.0,97.0,63.0,87.0,72.0,73.0,79.0,60.0,86.0,51.0,55.0,54.0,59.0,36.0,61.0,26.0,63.0,18.0,45.0,54.0,45.0,35.0,44.0,23.0,44.0,15.0,36.0,57.0,34.0,40.0,34.0,30.0,34.0,22.0,29.0,64.0,23.0,52.0,20.0,44.0,17.0,38.0,2
40.0,95.0,54.0,89.0,67.0,79.0,79.0,71.0,88.0,68.0,56.0,56.0,63.0,43.0,66.0,35.0,69.0,28.0,47.0,54.0,51.0,38.0,54.0,29.0,56.0,21.0,38.0,55.0,39.0,40.0,40.0,32.0,41.0,24.0,29.0,59.0,27.0,48.0,26.0,41.0,26.0,35.0,2
41.0,95.0,55.0,87.0,64.0,73.0,72.0,61.0,82.0,54.0,50.0,53.0,56.0,36.0,59.0,25.0,61.0,15.0,39.0,52.0,39.0,33.0,39.0,20.0,39.0,10.0,30.0,55.0,26.0,38.0,25.0,27.0,24.0,18.0,22.0,61.0,16.0,50.0,12.0,42.0,9.0,34.0,2
51.0,98.0,63.0,88.0,71.0,72.0,78.0,61.0,85.0,56.0,56.0,57.0,57.0,41.0,58.0,31.0,58.0,23.0,48.0,58.0,47.0,40.0,47.0,29.0,47.0,20.0,40.0,61.0,37.0,45.0,36.0,36.0,35.0,27.0,33.0,67.0,28.0,56.0,24.0,49.0,21.0,43.0,2
50.0,98.0,65.0,90.0,74.0,76.0,81.0,65.0,89.0,59.0,58.0,56.0,61.0,41.0,63.0,31.0,63.0,23.0,48.0,56.0,46.0,38.0,45.0,28.0,43.0,20.0,39.0,59.0,37.0,43.0,35.0,34.0,34.0,26.0,32.0,65.0,28.0,53.0,25.0,46.0,23.0,39.0,2
52.0,96.0,66.0,88.0,74.0,75.0,80.0,65.0,87.0,58.0,59.0,54.0,63.0,39.0,64.0,30.0,64.0,23.0,50.0,53.0,49.0,36.0,48.0,25.0,46.0,17.0,41.0,56.0,38.0,40.0,35.0,31.0,33.0,23.0,34.0,62.0,26.0,54.0,21.0,48.0,16.0,43.0,2
47.0,91.0,59.0,82.0,70.0,69.0,78.0,59.0,86.0,53.0,54.0,50.0,58.0,36.0,59.0,27.0,60.0,19.0,44.0,50.0,42.0,33.0,41.0,23.0,40.0,16.0,36.0,53.0,31.0,39.0,29.0,30.0,27.0,22.0,28.0,60.0,22.0,51.0,19.0,44.0,17.0,38.0,2
42.0,93.0,54.0,85.0,61.0,71.0,66.0,61.0,71.0,54.0,50.0,55.0,53.0,40.0,55.0,32.0,56.0,24.0,41.0,54.0,41.0,37.0,41.0,27.0,40.0,19.0,33.0,57.0,30.0,41.0,29.0,32.0,27.0,24.0,26.0,63.0,20.0,53.0,16.0,46.0,13.0,40.0,2
47.0,84.0,58.0,73.0,65.0,58.0,70.0,46.0,76.0,39.0,54.0,44.0,56.0,30.0,57.0,22.0,58.0,15.0,46.0,45.0,46.0,30.0,46.0,20.0,46.0,13.0,39.0,48.0,36.0,35.0,35.0,26.0,35.0,19.0,31.0,54.0,26.0,46.0,23.0,39.0,20.0,33.0,2
45.0,96.0,60.0,90.0,68.0,76.0,74.0,63.0,82.0,56.0,56.0,55.0,62.0,38.0,64.0,26.0,65.0,16.0,45.0,54.0,46.0,34.0,47.0,21.0,46.0,10.0,35.0,57.0,30.0,39.0,27.0,26.0,26.0,17.0,26.0,64.0,17.0,51.0,11.0,43.0,8.0,34.0,2
46.0,95.0,59.0,87.0,70.0,75.0,81.0,67.0,92.0,65.0,55.0,52.0,61.0,36.0,64.0,26.0,66.0,17.0,45.0,51.0,46.0,32.0,46.0,21.0,46.0,12.0,36.0,54.0,32.0,37.0,31.0,27.0,30.0,18.0,28.0,61.0,19.0,51.0,15.0,44.0,12.0,37.0,2
51.0,94.0,61.0,83.0,68.0,70.0,75.0,59.0,82.0,53.0,56.0,53.0,60.0,38.0,61.0,30.0,62.0,22.0,48.0,53.0,49.0,37.0,49.0,27.0,48.0,19.0,41.0,57.0,39.0,42.0,38.0,33.0,37.0,25.0,34.0,63.0,29.0,53.0,27.0,46.0,25.0,39.0,2
44.0,95.0,58.0,86.0,69.0,74.0,79.0,64.0,88.0,61.0,52.0,53.0,57.0,37.0,60.0,26.0,61.0,18.0,41.0,53.0,40.0,34.0,39.0,23.0,37.0,14.0,31.0,57.0,25.0,41.0,22.0,31.0,19.0,22.0,23.0,64.0,13.0,55.0,7.0,49.0,3.0,42.0,2
46.0,103.0,59.0,93.0,69.0,80.0,79.0,70.0,88.0,64.0,54.0,60.0,55.0,44.0,56.0,35.0,55.0,28.0,45.0,60.0,44.0,42.0,44.0,32.0,44.0,25.0,37.0,63.0,34.0,47.0,34.0,37.0,34.0,30.0,29.0,68.0,24.0,56.0,22.0,49.0,21.0,42.0,2
46.0,98.0,59.0,91.0,72.0,80.0,81.0,71.0,90.0,68.0,57.0,59.0,61.0,45.0,63.0,36.0,64.0,29.0,49.0,58.0,50.0,41.0,51.0,32.0,51.0,24.0,40.0,59.0,39.0,43.0,39.0,34.0,40.0,26.0,32.0,64.0,24.0,54.0,19.0,47.0,15.0,41.0,2
52.0,90.0,63.0,79.0,70.0,67.0,76.0,57.0,83.0,52.0,54.0,52.0,55.0,38.0,56.0,29.0,56.0,22.0,46.0,53.0,43.0,37.0,42.0,27.0,41.0,20.0,39.0,56.0,34.0,42.0,33.0,33.0,31.0,25.0,32.0,62.0,25.0,53.0,22.0,47.0,19.0,40.0,2
49.0,94.0,62.0,86.0,72.0,74.0,80.0,65.0,89.0,61.0,55.0,55.0,60.0,40.0,63.0,30.0,65.0,22.0,45.0,55.0,46.0,37.0,47.0,26.0,47.0,18.0,37.0,58.0,34.0,42.0,34.0,32.0,34.0,24.0,29.0,64.0,24.0,53.0,22.0,46.0,20.0,39.0,2
42.0,97.0,58.0,90.0,68.0,73.0,74.0,59.0,79.0,49.0,54.0,53.0,59.0,36.0,62.0,26.0,63.0,18.0,44.0,52.0,46.0,34.0,46.0,23.0,46.0,14.0,35.0,54.0,36.0,37.0,36.0,27.0,37.0,18.0,25.0,58.0,22.0,45.0,20.0,37.0,19.0,29.0,2
47.0,95.0,59.0,85.0,67.0,69.0,73.0,56.0,80.0,47.0,54.0,53.0,56.0,37.0,57.0,27.0,58.0,18.0,45.0,53.0,43.0,36.0,42.0,24.0,41.0,15.0,37.0,57.0,33.0,41.0,32.0,31.0,30.0,23.0,30.0,63.0,23.0,53.0,19.0,46.0,16.0,39.0,2
50.0,93.0,64.0,85.0,75.0,72.0,82.0,60.0,89.0,51.0,56.0,51.0,60.0,34.0,61.0,23.0,62.0,15.0,46.0,50.0,46.0,32.0,45.0,20.0,44.0,10.0,37.0,53.0,33.0,37.0,31.0,26.0,29.0,18.0,30.0,60.0,21.0,50.0,15.0,44.0,9.0,38.0,2
53.0,96.0,65.0,86.0,74.0,70.0,83.0,58.0,92.0,53.0,55.0,52.0,57.0,36.0,57.0,27.0,57.0,19.0,46.0,53.0,44.0,35.0,43.0,25.0,42.0,17.0,38.0,57.0,31.0,42.0,28.0,33.0,25.0,26.0,31.0,64.0,22.0,55.0,17.0,49.0,13.0,43.0,2
48.0,94.0,58.0,82.0,66.0,69.0,71.0,59.0,77.0,53.0,49.0,55.0,51.0,41.0,51.0,33.0,52.0,26.0,41.0,57.0,39.0,41.0,38.0,32.0,38.0,25.0,34.0,61.0,30.0,47.0,29.0,39.0,28.0,32.0,28.0,67.0,22.0,58.0,18.0,51.0,16.0,45.0,2
48.0,91.0,58.0,82.0,68.0,70.0,77.0,62.0,85.0,59.0,53.0,55.0,57.0,41.0,58.0,32.0,59.0,25.0,45.0,55.0,43.0,39.0,42.0,30.0,41.0,22.0,38.0,58.0,34.0,45.0,33.0,36.0,32.0,29.0,31.0,64.0,26.0,54.0,24.0,48.0,22.0,42.0,2
48.0,89.0,61.0,82.0,71.0,72.0,81.0,65.0,89.0,61.0,55.0,52.0,60.0,37.0,63.0,27.0,65.0,20.0,46.0,51.0,46.0,35.0,45.0,24.0,44.0,15.0,38.0,54.0,35.0,40.0,34.0,30.0,32.0,22.0,31.0,60.0,23.0,51.0,19.0,44.0,15.0,38.0,2
51.0,91.0,63.0,83.0,71.0,71.0,78.0,60.0,84.0,53.0,60.0,54.0,64.0,39.0,66.0,30.0,66.0,22.0,51.0,53.0,52.0,36.0,51.0,25.0,51.0,17.0,42.0,56.0,41.0,40.0,41.0,30.0,41.0,21.0,34.0,62.0,29.0,51.0,27.0,43.0,26.0,36.0,2
43.0,84.0,56.0,77.0,68.0,66.0,76.0,56.0,84.0,51.0,54.0,46.0,58.0,32.0,60.0,24.0,62.0,17.0,44.0,45.0,45.0,29.0,46.0,20.0,47.0,12.0,36.0,47.0,35.0,32.0,35.0,24.0,36.0,17.0,28.0,52.0,25.0,41.0,23.0,35.0,23.0,29.0,2
33.0,93.0,48.0,88.0,61.0,76.0,72.0,69.0,82.0,67.0,53.0,53.0,61.0,39.0,65.0,30.0,68.0,23.0,45.0,50.0,51.0,34.0,54.0,23.0,57.0,15.0,36.0,50.0,39.0,34.0,42.0,24.0,44.0,16.0,26.0,53.0,27.0,40.0,28.0,32.0,29.0,24.0,2
53.0,92.0,65.0,84.0,75.0,74.0,83.0,66.0,91.0,61.0,62.0,55.0,67.0,41.0,70.0,33.0,72.0,26.0,54.0,55.0,55.0,39.0,56.0,30.0,55.0,22.0,46.0,57.0,43.0,43.0,41.0,34.0,40.0,27.0,39.0,62.0,32.0,53.0,29.0,47.0,27.0,42.0,2
52.0,89.0,63.0,79.0,71.0,65.0,77.0,54.0,84.0,49.0,57.0,49.0,59.0,35.0,60.0,26.0,60.0,19.0,48.0,49.0,47.0,33.0,46.0,23.0,46.0,14.0,40.0,52.0,37.0,38.0,35.0,29.0,34.0,21.0,32.0,59.0,27.0,49.0,23.0,42.0,21.0,35.0,2
51.0,85.0,63.0,74.0,70.0,58.0,74.0,45.0,78.0,34.0,54.0,43.0,55.0,27.0,56.0,17.0,55.0,9.0,44.0,44.0,40.0,27.0,39.0,16.0,37.0,7.0,35.0,48.0,29.0,33.0,27.0,24.0,25.0,15.0,28.0,56.0,18.0,46.0,12.0,39.0,7.0,31.0,2
49.0,96.0,62.0,88.0,71.0,74.0,78.0,62.0,86.0,56.0,58.0,54.0,64.0,39.0,67.0,30.0,69.0,22.0,49.0,53.0,50.0,36.0,50.0,25.0,50.0,17.0,40.0,56.0,36.0,40.0,34.0,31.0,33.0,24.0,31.0,62.0,25.0,51.0,22.0,44.0,19.0,38.0,2
44.0,93.0,59.0,85.0,72.0,72.0,82.0,60.0,93.0,54.0,54.0,48.0,59.0,32.0,61.0,22.0,62.0,14.0,43.0,47.0,43.0,30.0,43.0,20.0,43.0,11.0,33.0,50.0,30.0,35.0,28.0,26.0,27.0,19.0,23.0,57.0,16.0,48.0,12.0,42.0,9.0,35.0,2
48.0,91.0,61.0,81.0,72.0,69.0,82.0,59.0,89.0,51.0,55.0,48.0,58.0,32.0,59.0,23.0,60.0,15.0,46.0,48.0,46.0,30.0,46.0,19.0,45.0,11.0,38.0,50.0,35.0,34.0,34.0,24.0,33.0,16.0,30.0,56.0,25.0,43.0,22.0,35.0,19.0,28.0,2
43.0,87.0,56.0,79.0,67.0,68.0,75.0,57.0,82.0,50.0,51.0,46.0,54.0,30.0,55.0,21.0,56.0,12.0,41.0,46.0,40.0,28.0,41.0,18.0,41.0,9.0,32.0,49.0,29.0,33.0,29.0,23.0,29.0,14.0,24.0,55.0,18.0,43.0,15.0,36.0,13.0,28.0,2
47.0,94.0,58.0,85.0,66.0,70.0,74.0,57.0,81.0,48.0,53.0,53.0,57.0,37.0,59.0,26.0,60.0,17.0,44.0,53.0,44.0,34.0,43.0,23.0,42.0,13.0,36.0,55.0,33.0,39.0,32.0,28.0,30.0,20.0,29.0,61.0,24.0,49.0,22.0,42.0,20.0,34.0,2
45.0,94.0,58.0,84.0,68.0,72.0,78.0,63.0,87.0,59.0,52.0,54.0,57.0,37.0,59.0,27.0,61.0,19.0,43.0,53.0,45.0,35.0,46.0,23.0,47.0,14.0,33.0,57.0,31.0,40.0,31.0,30.0,32.0,21.0,25.0,63.0,18.0,53.0,15.0,45.0,14.0,37.0,2
52.0,93.0,64.0,82.0,72.0,65.0,78.0,53.0,84.0,45.0,54.0,48.0,56.0,31.0,56.0,21.0,57.0,13.0,44.0,48.0,40.0,31.0,37.0,19.0,35.0,11.0,35.0,52.0,29.0,37.0,26.0,28.0,24.0,20.0,28.0,59.0,20.0,49.0,15.0,42.0,11.0,35.0,2
54.0,98.0,67.0,88.0,73.0,70.0,78.0,56.0,86.0,50.0,58.0,53.0,61.0,35.0,63.0,25.0,64.0,16.0,48.0,53.0,46.0,34.0,45.0,23.0,44.0,14.0,38.0,57.0,33.0,40.0,31.0,30.0,29.0,21.0,31.0,65.0,22.0,54.0,16.0,47.0,12.0,40.0,2
59.0,92.0,72.0,82.0,81.0,66.0,85.0,52.0,93.0,44.0,60.0,47.0,61.0,31.0,60.0,21.0,59.0,13.0,50.0,48.0,47.0,30.0,44.0,19.0,42.0,11.0,42.0,52.0,36.0,36.0,34.0,26.0,32.0,19.0,35.0,58.0,27.0,48.0,23.0,41.0,20.0,35.0,2
50.0,96.0,63.0,86.0,75.0,75.0,85.0,66.0,95.0,60.0,53.0,52.0,56.0,35.0,57.0,25.0,57.0,17.0,42.0,52.0,40.0,35.0,37.0,24.0,35.0,15.0,33.0,56.0,27.0,41.0,23.0,31.0,20.0,23.0,26.0,64.0,16.0,58.0,9.0,53.0,4.0,48.0,2
51.0,99.0,66.0,90.0,77.0,77.0,85.0,66.0,94.0,59.0,56.0,54.0,60.0,37.0,62.0,27.0,64.0,18.0,44.0,53.0,42.0,34.0,41.0,22.0,39.0,14.0,34.0,57.0,27.0,40.0,23.0,30.0,20.0,20.0,25.0,65.0,15.0,55.0,8.0,47.0,4.0,40.0,2
55.0,92.0,67.0,80.0,74.0,63.0,78.0,49.0,86.0,43.0,55.0,47.0,57.0,31.0,58.0,21.0,59.0,13.0,45.0,48.0,41.0,31.0,39.0,20.0,37.0,12.0,37.0,53.0,31.0,38.0,28.0,29.0,26.0,21.0,31.0,60.0,22.0,51.0,18.0,45.0,13.0,39.0,2
38.0,95.0,56.0,88.0,70.0,73.0,80.0,61.0,90.0,56.0,58.0,50.0,65.0,35.0,68.0,26.0,70.0,19.0,48.0,47.0,50.0,30.0,52.0,19.0,53.0,11.0,37.0,49.0,38.0,32.0,40.0,23.0,41.0,16.0,27.0,53.0,25.0,41.0,24.0,34.0,23.0,27.0,2
48.0,97.0,61.0,86.0,69.0,70.0,76.0,57.0,83.0,47.0,55.0,53.0,59.0,36.0,61.0,26.0,63.0,17.0,46.0,53.0,48.0,35.0,48.0,24.0,48.0,15.0,39.0,56.0,38.0,39.0,38.0,29.0,38.0,20.0,31.0,62.0,25.0,50.0,22.0,42.0,19.0,35.0,2
65.0,93.0,77.0,80.0,82.0,65.0,85.0,52.0,89.0,42.0,60.0,50.0,60.0,35.0,59.0,25.0,58.0,17.0,51.0,52.0,47.0,36.0,44.0,26.0,41.0,18.0,44.0,57.0,38.0,43.0,34.0,35.0,31.0,27.0,38.0,65.0,29.0,59.0,24.0,54.0,19.0,49.0,2
48.0,99.0,65.0,92.0,76.0,78.0,83.0,64.0,92.0,58.0,60.0,55.0,65.0,38.0,68.0,27.0,70.0,18.0,48.0,54.0,50.0,34.0,50.0,22.0,50.0,12.0,38.0,57.0,35.0,39.0,34.0,28.0,33.0,18.0,28.0,63.0,19.0,52.0,13.0,44.0,9.0,36.0,2
54.0,90.0,63.0,77.0,68.0,60.0,74.0,48.0,82.0,41.0,53.0,47.0,55.0,30.0,56.0,21.0,56.0,13.0,44.0,48.0,42.0,31.0,41.0,20.0,39.0,12.0,36.0,52.0,32.0,37.0,29.0,27.0,28.0,18.0,29.0,60.0,21.0,51.0,16.0,44.0,12.0,37.0,2
51.0,89.0,63.0,79.0,73.0,66.0,82.0,58.0,91.0,55.0,58.0,46.0,63.0,31.0,65.0,22.0,67.0,15.0,48.0,45.0,47.0,28.0,46.0,18.0,45.0,10.0,39.0,48.0,34.0,32.0,32.0,23.0,30.0,16.0,30.0,54.0,22.0,45.0,17.0,39.0,13.0,33.0,2
40.0,89.0,54.0,79.0,66.0,68.0,75.0,59.0,84.0,57.0,55.0,50.0,59.0,35.0,61.0,27.0,63.0,20.0,46.0,49.0,47.0,32.0,48.0,22.0,48.0,15.0,38.0,50.0,37.0,34.0,37.0,26.0,38.0,19.0,29.0,55.0,24.0,43.0,22.0,36.0,21.0,30.0,2
56.0,96.0,69.0,86.0,77.0,70.0,84.0,57.0,92.0,49.0,59.0,51.0,63.0,33.0,65.0,21.0,66.0,12.0,48.0,51.0,49.0,32.0,49.0,19.0,49.0,9.0,39.0,56.0,36.0,37.0,36.0,25.0,36.0,16.0,31.0,64.0,23.0,51.0,18.0,42.0,15.0,33.0,2
50.0,89.0,61.0,78.0,70.0,65.0,77.0,54.0,85.0,49.0,54.0,47.0,60.0,33.0,63.0,23.0,65.0,15.0,44.0,47.0,44.0,30.0,44.0,19.0,44.0,11.0,35.0,51.0,32.0,36.0,31.0,26.0,31.0,17.0,27.0,58.0,22.0,48.0,20.0,41.0,18.0,34.0,2
53.0,88.0,66.0,77.0,75.0,64.0,83.0,55.0,91.0,51.0,56.0,44.0,58.0,29.0,59.0,20.0,59.0,12.0,47.0,45.0,46.0,28.0,45.0,18.0,45.0,10.0,38.0,49.0,35.0,33.0,34.0,24.0,34.0,16.0,30.0,56.0,23.0,45.0,20.0,38.0,17.0,31.0,2
42.0,79.0,53.0,69.0,63.0,58.0,70.0,49.0,76.0,44.0,48.0,43.0,51.0,30.0,53.0,22.0,54.0,15.0,39.0,43.0,37.0,26.0,35.0,18.0,34.0,11.0,31.0,45.0,28.0,30.0,26.0,21.0,24.0,14.0,24.0,50.0,19.0,40.0,16.0,33.0,14.0,26.0,2
42.0,92.0,56.0,87.0,67.0,75.0,75.0,68.0,84.0,68.0,56.0,56.0,64.0,42.0,68.0,34.0,70.0,28.0,48.0,53.0,52.0,37.0,55.0,28.0,56.0,22.0,39.0,54.0,37.0,39.0,37.0,30.0,37.0,24.0,30.0,59.0,24.0,49.0,20.0,42.0,18.0,36.0,2
50.0,89.0,63.0,81.0,74.0,70.0,83.0,62.0,92.0,58.0,57.0,50.0,61.0,36.0,62.0,28.0,62.0,21.0,48.0,50.0,47.0,34.0,46.0,24.0,44.0,17.0,40.0,52.0,38.0,38.0,36.0,29.0,35.0,22.0,34.0,58.0,28.0,48.0,25.0,41.0,23.0,35.0,2
47.0,88.0,59.0,80.0,67.0,67.0,72.0,56.0,80.0,50.0,55.0,50.0,60.0,35.0,63.0,25.0,65.0,17.0,46.0,49.0,48.0,33.0,49.0,23.0,49.0,14.0,39.0,51.0,39.0,37.0,40.0,28.0,41.0,21.0,32.0,56.0,28.0,47.0,25.0,40.0,23.0,34.0,2
42.0,94.0,55.0,87.0,66.0,75.0,75.0,66.0,85.0,62.0,54.0,57.0,59.0,40.0,61.0,29.0,62.0,20.0,43.0,57.0,42.0,38.0,41.0,27.0,40.0,17.0,34.0,60.0,32.0,43.0,31.0,32.0,31.0,23.0,26.0,65.0,20.0,54.0,17.0,46.0,14.0,39.0,2
48.0,88.0,61.0,80.0,72.0,69.0,81.0,62.0,89.0,60.0,58.0,50.0,63.0,36.0,65.0,28.0,66.0,21.0,50.0,49.0,50.0,33.0,49.0,23.0,49.0,16.0,41.0,50.0,40.0,36.0,41.0,27.0,42.0,20.0,33.0,54.0,31.0,44.0,30.0,36.0,29.0,30.0,2
50.0,86.0,63.0,78.0,72.0,67.0,77.0,57.0,82.0,50.0,58.0,47.0,60.0,33.0,61.0,24.0,61.0,17.0,49.0,46.0,47.0,30.0,46.0,21.0,44.0,13.0,41.0,49.0,37.0,35.0,34.0,27.0,32.0,20.0,34.0,55.0,28.0,45.0,25.0,39.0,22.0,33.0,2
48.0,96.0,61.0,88.0,71.0,71.0,79.0,57.0,90.0,50.0,52.0,53.0,56.0,36.0,58.0,25.0,59.0,17.0,42.0,53.0,40.0,36.0,40.0,25.0,39.0,16.0,32.0,57.0,28.0,41.0,27.0,32.0,27.0,24.0,24.0,65.0,16.0,55.0,12.0,47.0,9.0,40.0,2
46.0,97.0,62.0,89.0,73.0,76.0,81.0,65.0,90.0,59.0,58.0,54.0,64.0,37.0,67.0,27.0,69.0,19.0,47.0,52.0,47.0,33.0,47.0,21.0,46.0,12.0,37.0,54.0,34.0,37.0,33.0,26.0,33.0,18.0,28.0,61.0,22.0,48.0,19.0,40.0,16.0,32.0,2
43.0,89.0,54.0,78.0,64.0,67.0,73.0,58.0,81.0,52.0,53.0,51.0,55.0,37.0,55.0,29.0,56.0,22.0,45.0,50.0,46.0,34.0,46.0,25.0,46.0,18.0,37.0,52.0,37.0,37.0,37.0,28.0,37.0,22.0,30.0,55.0,28.0,44.0,27.0,36.0,26.0,30.0,2
59.0,94.0,70.0,82.0,75.0,66.0,78.0,52.0,82.0,42.0,55.0,50.0,53.0,32.0,52.0,21.0,50.0,12.0,46.0,52.0,43.0,33.0,41.0,20.0,39.0,10.0,38.0,58.0,33.0,40.0,30.0,28.0,28.0,19.0,32.0,67.0,23.0,55.0,19.0,46.0,15.0,38.0,2
58.0,94.0,71.0,82.0,77.0,67.0,82.0,56.0,89.0,51.0,58.0,51.0,60.0,35.0,60.0,25.0,60.0,17.0,48.0,52.0,43.0,35.0,41.0,25.0,38.0,16.0,39.0,56.0,30.0,44.0,24.0,36.0,19.0,29.0,33.0,64.0,22.0,58.0,16.0,53.0,11.0,49.0,2
59.0,96.0,72.0,85.0,79.0,69.0,84.0,58.0,92.0,52.0,61.0,52.0,62.0,36.0,62.0,26.0,61.0,18.0,51.0,52.0,47.0,35.0,45.0,25.0,43.0,16.0,43.0,56.0,37.0,42.0,34.0,32.0,32.0,24.0,36.0,64.0,27.0,55.0,22.0,49.0,19.0,43.0,2
51.0,99.0,65.0,89.0,74.0,75.0,81.0,64.0,88.0,58.0,55.0,54.0,57.0,37.0,59.0,26.0,59.0,18.0,44.0,55.0,39.0,36.0,36.0,25.0,33.0,16.0,35.0,59.0,29.0,43.0,26.0,31.0,24.0,23.0,28.0,67.0,18.0,59.0,12.0,53.0,7.0,47.0,2
52.0,95.0,64.0,83.0,72.0,69.0,79.0,57.0,85.0,49.0,53.0,52.0,54.0,35.0,53.0,25.0,52.0,16.0,43.0,53.0,39.0,36.0,37.0,25.0,34.0,16.0,35.0,58.0,29.0,43.0,25.0,34.0,22.0,26.0,28.0,65.0,21.0,56.0,16.0,49.0,12.0,43.0,2
67.0,90.0,74.0,76.0,75.0,59.0,78.0,46.0,84.0,39.0,55.0,50.0,52.0,35.0,49.0,26.0,47.0,17.0,47.0,54.0,40.0,39.0,36.0,29.0,32.0,22.0,42.0,60.0,32.0,47.0,27.0,39.0,23.0,31.0,38.0,69.0,27.0,62.0,21.0,57.0,15.0,52.0,2
43.0,95.0,56.0,85.0,66.0,72.0,77.0,62.0,88.0,56.0,50.0,53.0,53.0,36.0,55.0,26.0,55.0,17.0,39.0,52.0,37.0,35.0,35.0,24.0,34.0,16.0,30.0,56.0,23.0,42.0,18.0,33.0,15.0,26.0,23.0,63.0,14.0,54.0,9.0,48.0,4.0,42.0,2
62.0,95.0,73.0,82.0,77.0,64.0,77.0,50.0,79.0,39.0,54.0,49.0,53.0,32.0,52.0,21.0,51.0,12.0,43.0,52.0,36.0,34.0,32.0,23.0,28.0,14.0,35.0,58.0,25.0,44.0,19.0,35.0,14.0,27.0,29.0,68.0,17.0,61.0,10.0,56.0,5.0,50.0,2
54.0,93.0,66.0,82.0,74.0,66.0,79.0,52.0,87.0,44.0,56.0,47.0,57.0,31.0,58.0,20.0,59.0,12.0,45.0,47.0,42.0,29.0,41.0,18.0,41.0,9.0,36.0,52.0,30.0,36.0,27.0,26.0,25.0,18.0,28.0,60.0,19.0,51.0,13.0,44.0,7.0,37.0,2
47.0,98.0,60.0,89.0,69.0,74.0,75.0,62.0,84.0,56.0,61.0,53.0,67.0,38.0,71.0,29.0,73.0,22.0,51.0,51.0,50.0,33.0,50.0,24.0,48.0,16.0,42.0,53.0,41.0,38.0,41.0,29.0,40.0,21.0,34.0,59.0,31.0,47.0,29.0,40.0,28.0,33.0,2
54.0,95.0,65.0,83.0,73.0,69.0,80.0,58.0,88.0,54.0,55.0,53.0,57.0,38.0,58.0,28.0,59.0,19.0,45.0,54.0,41.0,37.0,38.0,27.0,35.0,18.0,37.0,59.0,30.0,44.0,27.0,34.0,24.0,25.0,30.0,66.0,21.0,57.0,16.0,50.0,12.0,43.0,2
53.0,99.0,66.0,89.0,74.0,75.0,80.0,63.0,87.0,55.0,56.0,59.0,58.0,42.0,59.0,32.0,59.0,22.0,46.0,59.0,44.0,41.0,42.0,29.0,41.0,20.0,38.0,63.0,33.0,47.0,31.0,36.0,29.0,28.0,31.0,70.0,26.0,59.0,23.0,51.0,20.0,44.0,2
50.0,92.0,64.0,83.0,74.0,70.0,80.0,57.0,86.0,49.0,59.0,52.0,65.0,36.0,68.0,25.0,70.0,17.0,49.0,52.0,51.0,34.0,52.0,22.0,52.0,12.0,39.0,56.0,37.0,39.0,36.0,29.0,36.0,19.0,30.0,62.0,24.0,52.0,20.0,44.0,18.0,37.0,2
51.0,91.0,63.0,81.0,72.0,67.0,79.0,57.0,88.0,53.0,54.0,48.0,59.0,33.0,61.0,22.0,62.0,14.0,45.0,49.0,43.0,31.0,43.0,19.0,41.0,10.0,36.0,53.0,31.0,37.0,29.0,27.0,26.0,18.0,29.0,60.0,22.0,50.0,18.0,43.0,14.0,36.0,2
50.0,95.0,64.0,84.0,69.0,66.0,75.0,54.0,84.0,52.0,55.0,50.0,59.0,33.0,60.0,23.0,61.0,15.0,43.0,51.0,40.0,33.0,37.0,21.0,34.0,12.0,35.0,56.0,28.0,41.0,25.0,31.0,22.0,23.0,27.0,64.0,20.0,56.0,15.0,50.0,11.0,44.0,2
42.0,96.0,57.0,87.0,69.0,74.0,80.0,63.0,91.0,59.0,52.0,53.0,57.0,36.0,59.0,24.0,61.0,15.0,42.0,53.0,43.0,34.0,44.0,22.0,44.0,11.0,33.0,56.0,32.0,38.0,32.0,27.0,33.0,17.0,24.0,62.0,18.0,50.0,15.0,41.0,13.0,33.0,2
54.0,98.0,66.0,88.0,74.0,72.0,78.0,59.0,84.0,49.0,54.0,54.0,53.0,38.0,52.0,28.0,51.0,19.0,44.0,55.0,39.0,38.0,36.0,27.0,33.0,18.0,36.0,59.0,30.0,43.0,26.0,34.0,23.0,25.0,29.0,67.0,22.0,56.0,17.0,49.0,13.0,43.0,2
52.0,99.0,65.0,89.0,75.0,77.0,84.0,67.0,93.0,62.0,58.0,57.0,61.0,41.0,62.0,31.0,62.0,23.0,48.0,57.0,47.0,39.0,46.0,28.0,45.0,20.0,40.0,61.0,35.0,45.0,32.0,35.0,30.0,27.0,32.0,68.0,25.0,58.0,21.0,51.0,17.0,44.0,2
46.0,97.0,59.0,88.0,69.0,74.0,78.0,64.0,88.0,59.0,52.0,56.0,54.0,39.0,55.0,30.0,55.0,22.0,42.0,56.0,41.0,38.0,41.0,28.0,39.0,20.0,33.0,60.0,28.0,45.0,25.0,36.0,23.0,29.0,25.0,66.0,19.0,57.0,15.0,51.0,12.0,45.0,2
51.0,93.0,63.0,85.0,74.0,73.0,83.0,65.0,91.0,60.0,56.0,52.0,61.0,37.0,63.0,27.0,64.0,18.0,46.0,52.0,44.0,34.0,43.0,22.0,41.0,14.0,37.0,55.0,31.0,40.0,28.0,30.0,25.0,22.0,31.0,62.0,22.0,53.0,17.0,47.0,12.0,42.0,2
46.0,90.0,61.0,82.0,69.0,67.0,76.0,55.0,84.0,49.0,57.0,46.0,61.0,29.0,63.0,19.0,64.0,11.0,46.0,44.0,47.0,26.0,47.0,14.0,47.0,4.0,37.0,46.0,33.0,30.0,32.0,19.0,31.0,10.0,28.0,53.0,20.0,41.0,15.0,33.0,11.0,25.0,2
48.0,91.0,62.0,83.0,73.0,71.0,83.0,64.0,92.0,62.0,56.0,49.0,61.0,33.0,63.0,23.0,64.0,14.0,46.0,48.0,47.0,29.0,46.0,18.0,46.0,9.0,37.0,51.0,35.0,34.0,34.0,23.0,33.0,15.0,28.0,57.0,21.0,45.0,18.0,38.0,15.0,30.0,2
64.0,96.0,74.0,83.0,77.0,66.0,79.0,52.0,82.0,43.0,57.0,54.0,55.0,37.0,54.0,28.0,52.0,20.0,47.0,57.0,43.0,39.0,40.0,29.0,37.0,20.0,40.0,63.0,32.0,49.0,27.0,40.0,23.0,32.0,35.0,72.0,26.0,65.0,20.0,59.0,15.0,54.0,2
52.0,89.0,64.0,79.0,75.0,64.0,84.0,53.0,93.0,48.0,58.0,46.0,59.0,31.0,59.0,22.0,60.0,14.0,49.0,47.0,47.0,30.0,47.0,21.0,46.0,13.0,40.0,50.0,37.0,35.0,36.0,25.0,35.0,18.0,32.0,56.0,28.0,44.0,26.0,37.0,25.0,30.0,2
48.0,90.0,60.0,81.0,68.0,67.0,75.0,56.0,82.0,52.0,51.0,48.0,52.0,32.0,52.0,23.0,52.0,15.0,41.0,49.0,39.0,32.0,37.0,22.0,35.0,14.0,33.0,53.0,29.0,38.0,26.0,29.0,25.0,21.0,26.0,60.0,21.0,50.0,18.0,43.0,15.0,37.0,2
43.0,100.0,59.0,93.0,70.0,81.0,80.0,67.0,90.0,57.0,49.0,57.0,50.0,38.0,51.0,26.0,51.0,16.0,39.0,57.0,37.0,37.0,36.0,24.0,35.0,13.0,31.0,60.0,29.0,42.0,28.0,31.0,27.0,22.0,24.0,66.0,21.0,53.0,19.0,45.0,18.0,37.0,2
49.0,82.0,63.0,73.0,73.0,62.0,81.0,56.0,89.0,56.0,59.0,45.0,62.0,32.0,64.0,23.0,65.0,16.0,50.0,44.0,50.0,29.0,50.0,20.0,50.0,13.0,42.0,46.0,40.0,33.0,40.0,26.0,40.0,19.0,34.0,50.0,29.0,42.0,26.0,37.0,25.0,31.0,2
44.0,87.0,58.0,81.0,68.0,70.0,76.0,61.0,84.0,57.0,55.0,50.0,60.0,36.0,62.0,27.0,63.0,19.0,46.0,48.0,47.0,32.0,48.0,22.0,48.0,15.0,38.0,50.0,37.0,35.0,37.0,26.0,37.0,19.0,30.0,55.0,25.0,46.0,22.0,40.0,19.0,34.0,2
47.0,101.0,63.0,94.0,74.0,80.0,80.0,67.0,87.0,58.0,56.0,59.0,58.0,42.0,59.0,31.0,60.0,22.0,44.0,59.0,42.0,40.0,40.0,28.0,38.0,19.0,35.0,62.0,32.0,44.0,31.0,34.0,30.0,26.0,27.0,69.0,20.0,57.0,17.0,48.0,16.0,41.0,2
54.0,93.0,67.0,82.0,70.0,64.0,72.0,51.0,78.0,43.0,57.0,49.0,61.0,33.0,63.0,22.0,64.0,14.0,49.0,49.0,50.0,31.0,50.0,19.0,50.0,9.0,41.0,53.0,38.0,36.0,37.0,25.0,37.0,16.0,33.0,60.0,26.0,48.0,22.0,40.0,19.0,33.0,2
51.0,92.0,65.0,84.0,76.0,69.0,83.0,57.0,91.0,52.0,61.0,50.0,65.0,35.0,67.0,27.0,68.0,21.0,50.0,49.0,49.0,32.0,47.0,23.0,46.0,16.0,41.0,51.0,37.0,37.0,35.0,29.0,33.0,23.0,32.0,56.0,26.0,48.0,23.0,42.0,20.0,38.0,2
39.0,87.0,52.0,78.0,64.0,65.0,74.0,57.0,84.0,53.0,52.0,46.0,57.0,31.0,59.0,21.0,61.0,14.0,42.0,45.0,43.0,27.0,44.0,16.0,44.0,8.0,34.0,47.0,33.0,31.0,34.0,21.0,34.0,13.0,25.0,52.0,22.0,41.0,20.0,33.0,19.0,26.0,2
50.0,97.0,61.0,86.0,66.0,72.0,69.0,60.0,72.0,52.0,53.0,57.0,54.0,43.0,55.0,34.0,55.0,27.0,44.0,58.0,43.0,41.0,42.0,32.0,41.0,25.0,37.0,61.0,33.0,47.0,31.0,38.0,29.0,31.0,30.0,67.0,24.0,57.0,21.0,50.0,19.0,44.0,2
60.0,94.0,72.0,84.0,77.0,68.0,81.0,54.0,87.0,46.0,61.0,51.0,61.0,35.0,60.0,25.0,59.0,17.0,51.0,52.0,47.0,36.0,45.0,25.0,42.0,17.0,43.0,56.0,38.0,42.0,35.0,33.0,32.0,25.0,37.0,64.0,30.0,54.0,26.0,48.0,23.0,42.0,2
43.0,88.0,55.0,78.0,66.0,64.0,74.0,52.0,82.0,44.0,50.0,47.0,53.0,32.0,55.0,24.0,56.0,16.0,41.0,47.0,41.0,31.0,41.0,22.0,41.0,14.0,33.0,50.0,32.0,36.0,32.0,28.0,32.0,21.0,25.0,55.0,21.0,45.0,18.0,39.0,17.0,34.0,2
55.0,80.0,67.0,71.0,75.0,61.0,82.0,53.0,88.0,47.0,62.0,44.0,65.0,30.0,66.0,22.0,67.0,15.0,53.0,44.0,53.0,28.0,53.0,19.0,53.0,12.0,45.0,47.0,43.0,33.0,42.0,25.0,43.0,18.0,38.0,52.0,35.0,42.0,34.0,36.0,34.0,30.0,2
50.0,90.0,64.0,83.0,74.0,70.0,82.0,57.0,91.0,49.0,60.0,51.0,63.0,36.0,64.0,27.0,65.0,20.0,51.0,50.0,51.0,34.0,51.0,24.0,51.0,16.0,42.0,52.0,41.0,37.0,41.0,28.0,41.0,21.0,34.0,57.0,28.0,47.0,24.0,40.0,22.0,34.0,2
44.0,89.0,59.0,83.0,71.0,72.0,80.0,61.0,90.0,59.0,57.0,50.0,64.0,36.0,67.0,27.0,69.0,20.0,48.0,49.0,48.0,32.0,48.0,22.0,48.0,15.0,39.0,50.0,37.0,35.0,36.0,26.0,35.0,18.0,31.0,55.0,24.0,46.0,21.0,40.0,18.0,34.0,2
45.0,89.0,57.0,79.0,66.0,67.0,76.0,57.0,86.0,53.0,51.0,48.0,54.0,32.0,55.0,23.0,56.0,15.0,42.0,48.0,43.0,32.0,43.0,21.0,44.0,13.0,34.0,52.0,32.0,37.0,32.0,28.0,33.0,20.0,27.0,58.0,21.0,48.0,18.0,42.0,15.0,35.0,2
47.0,95.0,61.0,85.0,71.0,70.0,79.0,56.0,87.0,47.0,54.0,51.0,56.0,34.0,57.0,23.0,57.0,14.0,43.0,51.0,41.0,32.0,39.0,19.0,37.0,9.0,33.0,55.0,29.0,38.0,27.0,27.0,25.0,17.0,24.0,62.0,16.0,51.0,11.0,44.0,8.0,36.0,2
55.0,94.0,68.0,83.0,77.0,67.0,83.0,54.0,91.0,46.0,53.0,49.0,54.0,31.0,54.0,20.0,54.0,12.0,43.0,50.0,39.0,33.0,37.0,22.0,36.0,13.0,35.0,55.0,29.0,41.0,26.0,32.0,24.0,25.0,29.0,63.0,21.0,54.0,17.0,49.0,14.0,43.0,2
49.0,94.0,61.0,83.0,72.0,68.0,78.0,55.0,83.0,47.0,55.0,51.0,59.0,36.0,61.0,27.0,62.0,18.0,46.0,52.0,43.0,34.0,41.0,24.0,40.0,15.0,38.0,55.0,35.0,39.0,34.0,29.0,33.0,21.0,30.0,61.0,26.0,49.0,23.0,42.0,20.0,35.0,2
51.0,95.0,65.0,88.0,74.0,75.0,80.0,66.0,88.0,61.0,61.0,55.0,66.0,40.0,69.0,32.0,70.0,25.0,52.0,53.0,53.0,37.0,52.0,28.0,52.0,21.0,44.0,55.0,42.0,41.0,42.0,33.0,42.0,26.0,35.0,60.0,31.0,50.0,29.0,43.0,27.0,37.0,2
48.0,95.0,61.0,85.0,70.0,68.0,75.0,55.0,84.0,47.0,51.0,53.0,54.0,36.0,56.0,25.0,56.0,17.0,41.0,53.0,40.0,35.0,39.0,23.0,37.0,14.0,33.0,56.0,29.0,39.0,27.0,29.0,26.0,20.0,25.0,63.0,19.0,52.0,16.0,44.0,13.0,36.0,2
59.0,86.0,70.0,75.0,76.0,60.0,80.0,49.0,85.0,43.0,58.0,46.0,59.0,31.0,59.0,23.0,58.0,16.0,49.0,47.0,46.0,32.0,43.0,23.0,41.0,16.0,42.0,51.0,37.0,37.0,35.0,29.0,33.0,22.0,35.0,58.0,27.0,51.0,21.0,46.0,17.0,42.0,2
49.0,91.0,62.0,82.0,72.0,69.0,80.0,58.0,89.0,51.0,57.0,49.0,62.0,34.0,65.0,25.0,68.0,19.0,47.0,49.0,47.0,32.0,48.0,22.0,48.0,14.0,39.0,52.0,35.0,37.0,34.0,29.0,34.0,22.0,31.0,59.0,24.0,48.0,20.0,41.0,16.0,35.0,2
48.0,96.0,63.0,90.0,74.0,78.0,83.0,69.0,92.0,67.0,61.0,55.0,66.0,40.0,69.0,30.0,71.0,23.0,51.0,52.0,52.0,35.0,52.0,24.0,52.0,15.0,43.0,54.0,39.0,38.0,37.0,28.0,35.0,21.0,35.0,58.0,29.0,47.0,25.0,40.0,22.0,34.0,2
51.0,89.0,63.0,79.0,71.0,68.0,77.0,57.0,85.0,50.0,53.0,51.0,54.0,36.0,54.0,27.0,54.0,20.0,44.0,52.0,41.0,36.0,40.0,27.0,39.0,19.0,36.0,55.0,30.0,42.0,27.0,33.0,26.0,26.0,29.0,61.0,23.0,52.0,20.0,45.0,18.0,40.0,2
53.0,86.0,63.0,78.0,72.0,68.0,77.0,59.0,83.0,53.0,60.0,52.0,63.0,38.0,64.0,30.0,66.0,24.0,51.0,51.0,51.0,37.0,51.0,28.0,51.0,21.0,44.0,53.0,41.0,41.0,40.0,33.0,40.0,27.0,37.0,58.0,31.0,49.0,28.0,43.0,25.0,38.0,2
54.0,91.0,67.0,85.0,75.0,72.0,78.0,59.0,84.0,49.0,60.0,52.0,61.0,37.0,60.0,28.0,60.0,20.0,51.0,52.0,51.0,36.0,51.0,26.0,50.0,18.0,44.0,54.0,42.0,40.0,43.0,31.0,43.0,24.0,36.0,60.0,34.0,49.0,33.0,42.0,33.0,35.0,2
42.0,88.0,55.0,83.0,66.0,72.0,73.0,62.0,81.0,59.0,55.0,51.0,59.0,37.0,60.0,28.0,61.0,21.0,47.0,49.0,48.0,33.0,49.0,24.0,49.0,16.0,39.0,50.0,37.0,36.0,36.0,27.0,35.0,19.0,31.0,54.0,28.0,43.0,26.0,36.0,25.0,29.0,2
56.0,91.0,67.0,82.0,75.0,68.0,83.0,59.0,93.0,56.0,58.0,51.0,59.0,37.0,58.0,29.0,58.0,21.0,49.0,53.0,47.0,37.0,45.0,28.0,44.0,21.0,41.0,57.0,38.0,43.0,35.0,35.0,34.0,27.0,35.0,64.0,27.0,57.0,22.0,51.0,18.0,46.0,2
57.0,91.0,69.0,82.0,77.0,67.0,83.0,55.0,91.0,48.0,61.0,49.0,63.0,34.0,64.0,23.0,64.0,15.0,52.0,50.0,49.0,33.0,47.0,22.0,46.0,14.0,43.0,53.0,41.0,37.0,40.0,28.0,39.0,20.0,36.0,60.0,29.0,50.0,25.0,44.0,22.0,38.0,2
52.0,96.0,66.0,88.0,75.0,74.0,82.0,63.0,89.0,56.0,58.0,53.0,62.0,37.0,64.0,27.0,65.0,19.0,48.0,52.0,48.0,35.0,48.0,24.0,47.0,15.0,39.0,56.0,36.0,40.0,34.0,30.0,33.0,21.0,31.0,62.0,23.0,53.0,18.0,47.0,14.0,41.0,2
